x-axis,1,2
second,Volt,Volt
-200.00E-06,-80.40201E-03,+0.0E+00
-199.00E-06,-0.0E+00,-2.41206E-03
-198.00E-06,-80.40201E-03,-1.60804E-03
-197.00E-06,-80.40201E-03,-2.41206E-03
-196.00E-06,+0.0E+00,-1.60804E-03
-195.00E-06,-80.40201E-03,+1.60804E-03
-194.00E-06,+0.0E+00,-804.02E-06
-193.00E-06,+0.0E+00,+0.0E+00
-192.00E-06,-0.0E+00,-804.02E-06
-191.00E-06,-0.0E+00,+1.60804E-03
-190.00E-06,-80.40201E-03,-1.60804E-03
-189.00E-06,+0.0E+00,+804.02E-06
-188.00E-06,-80.40201E-03,+0.0E+00
-187.00E-06,-80.40201E-03,-1.60804E-03
-186.00E-06,-0.0E+00,-2.41206E-03
-185.00E-06,-80.40201E-03,-1.60804E-03
-184.00E-06,+0.0E+00,+804.02E-06
-183.00E-06,+0.0E+00,-1.60804E-03
-182.00E-06,-80.40201E-03,-1.60804E-03
-181.00E-06,-80.40201E-03,-1.60804E-03
-180.00E-06,-80.40201E-03,-804.02E-06
-179.00E-06,-80.40201E-03,-3.21608E-03
-178.00E-06,-0.0E+00,+804.02E-06
-177.00E-06,+0.0E+00,+804.02E-06
-176.00E-06,+0.0E+00,-804.02E-06
-175.00E-06,-80.40201E-03,+0.0E+00
-174.00E-06,+0.0E+00,-1.60804E-03
-173.00E-06,-80.40201E-03,+804.02E-06
-172.00E-06,+0.0E+00,-804.02E-06
-171.00E-06,+0.0E+00,+0.0E+00
-170.00E-06,-80.40201E-03,-804.02E-06
-169.00E-06,+0.0E+00,+804.02E-06
-168.00E-06,-80.40201E-03,-2.41206E-03
-167.00E-06,-80.40201E-03,-804.02E-06
-166.00E-06,-80.40201E-03,-804.02E-06
-165.00E-06,+0.0E+00,-804.02E-06
-164.00E-06,-80.40201E-03,-2.41206E-03
-163.00E-06,+0.0E+00,-1.60804E-03
-162.00E-06,-80.40201E-03,-804.02E-06
-161.00E-06,-80.40201E-03,-804.02E-06
-160.00E-06,+0.0E+00,+1.60804E-03
-159.00E-06,+0.0E+00,-804.02E-06
-158.00E-06,+0.0E+00,-804.02E-06
-157.00E-06,-80.40201E-03,-804.02E-06
-156.00E-06,-80.40201E-03,-2.41206E-03
-155.00E-06,-80.40201E-03,+804.02E-06
-154.00E-06,+0.0E+00,+0.0E+00
-153.00E-06,-80.40201E-03,+804.02E-06
-152.00E-06,+0.0E+00,-804.02E-06
-151.00E-06,-80.40201E-03,-1.60804E-03
-150.00E-06,+0.0E+00,+1.60804E-03
-149.00E-06,+0.0E+00,-804.02E-06
-148.00E-06,+0.0E+00,-1.60804E-03
-147.00E-06,+0.0E+00,-804.02E-06
-146.00E-06,-80.40201E-03,-1.60804E-03
-145.00E-06,-0.0E+00,-1.60804E-03
-144.00E-06,-80.40201E-03,-804.02E-06
-143.00E-06,+0.0E+00,-2.41206E-03
-142.00E-06,-80.40201E-03,+0.0E+00
-141.00E-06,-0.0E+00,+804.02E-06
-140.00E-06,-80.40201E-03,-2.41206E-03
-139.00E-06,+0.0E+00,+0.0E+00
-138.00E-06,+0.0E+00,-2.41206E-03
-137.00E-06,-80.40201E-03,-804.02E-06
-136.00E-06,+0.0E+00,-2.41206E-03
-135.00E-06,+0.0E+00,-3.21608E-03
-134.00E-06,-80.40201E-03,-1.60804E-03
-133.00E-06,-0.0E+00,-3.21608E-03
-132.00E-06,-0.0E+00,-0.0E+00
-131.00E-06,-80.40201E-03,-804.02E-06
-130.00E-06,+0.0E+00,-2.41206E-03
-129.00E-06,-80.40201E-03,-1.60804E-03
-128.00E-06,-80.40201E-03,-1.60804E-03
-127.00E-06,+0.0E+00,-804.02E-06
-126.00E-06,-80.40201E-03,-804.02E-06
-125.00E-06,-80.40201E-03,+804.02E-06
-124.00E-06,-80.40201E-03,-1.60804E-03
-123.00E-06,-0.0E+00,-3.21608E-03
-122.00E-06,-80.40201E-03,-1.60804E-03
-121.00E-06,-80.40201E-03,-0.0E+00
-120.00E-06,+0.0E+00,-804.02E-06
-119.00E-06,-0.0E+00,+1.60804E-03
-118.00E-06,-80.40201E-03,-804.02E-06
-117.00E-06,-80.40201E-03,+1.60804E-03
-116.00E-06,-80.40201E-03,-1.60804E-03
-115.00E-06,+0.0E+00,-804.02E-06
-114.00E-06,+0.0E+00,-804.02E-06
-113.00E-06,+0.0E+00,+804.02E-06
-112.00E-06,-80.40201E-03,+804.02E-06
-111.00E-06,-80.40201E-03,-0.0E+00
-110.00E-06,-0.0E+00,-804.02E-06
-109.00E-06,-0.0E+00,-804.02E-06
-108.00E-06,-0.0E+00,-804.02E-06
-107.00E-06,-80.40201E-03,-804.02E-06
-106.00E-06,-0.0E+00,-0.0E+00
-105.00E-06,-0.0E+00,-0.0E+00
-104.00E-06,-0.0E+00,-3.21608E-03
-103.00E-06,-0.0E+00,-3.21608E-03
-102.00E-06,-80.40201E-03,-2.41206E-03
-101.00E-06,-0.0E+00,+804.02E-06
-100.00E-06,-0.0E+00,-0.0E+00
-99.00E-06,-80.40201E-03,-1.60804E-03
-98.00E-06,-0.0E+00,+0.0E+00
-97.00E-06,-80.40201E-03,+804.02E-06
-96.00E-06,-80.40201E-03,+804.02E-06
-95.00E-06,-80.40201E-03,-1.60804E-03
-94.00E-06,+0.0E+00,+1.60804E-03
-93.00E-06,-80.40201E-03,-0.0E+00
-92.00E-06,-80.40201E-03,-1.60804E-03
-91.00E-06,+0.0E+00,-0.0E+00
-90.00E-06,-80.40201E-03,-804.02E-06
-89.00E-06,+0.0E+00,-804.02E-06
-88.00E-06,-80.40201E-03,-1.60804E-03
-87.00E-06,+0.0E+00,-0.0E+00
-86.00E-06,-80.40201E-03,+804.02E-06
-85.00E-06,-80.40201E-03,-804.02E-06
-84.00E-06,-0.0E+00,+804.02E-06
-83.00E-06,+0.0E+00,+804.02E-06
-82.00E-06,-80.40201E-03,-0.0E+00
-81.00E-06,-80.40201E-03,-0.0E+00
-80.00E-06,-0.0E+00,-2.41206E-03
-79.00E-06,-80.40201E-03,-2.41206E-03
-78.00E-06,-80.40201E-03,-1.60804E-03
-77.00E-06,+0.0E+00,-804.02E-06
-76.00E-06,-80.40201E-03,-804.02E-06
-75.00E-06,-80.40201E-03,-804.02E-06
-74.00E-06,+0.0E+00,+1.60804E-03
-73.00E-06,+0.0E+00,-0.0E+00
-72.00E-06,-0.0E+00,+804.02E-06
-71.00E-06,-80.40201E-03,-1.60804E-03
-70.00E-06,-0.0E+00,+0.0E+00
-69.00E-06,+0.0E+00,-804.02E-06
-68.00E-06,-0.0E+00,+2.41206E-03
-67.00E-06,+0.0E+00,-0.0E+00
-66.00E-06,-80.40201E-03,-1.60804E-03
-65.00E-06,-80.40201E-03,+804.02E-06
-64.00E-06,-0.0E+00,-804.02E-06
-63.00E-06,-0.0E+00,-2.41206E-03
-62.00E-06,-80.40201E-03,-804.02E-06
-61.00E-06,+0.0E+00,-0.0E+00
-60.00E-06,+0.0E+00,+0.0E+00
-59.00E-06,+0.0E+00,-1.60804E-03
-58.00E-06,-80.40201E-03,+804.02E-06
-57.00E-06,-80.40201E-03,-1.60804E-03
-56.00E-06,+0.0E+00,-4.02010E-03
-55.00E-06,+0.0E+00,-1.60804E-03
-54.00E-06,+0.0E+00,-804.02E-06
-53.00E-06,-80.40201E-03,+1.60804E-03
-52.00E-06,-0.0E+00,+804.02E-06
-51.00E-06,-0.0E+00,-804.02E-06
-50.00E-06,-0.0E+00,-804.02E-06
-49.00E-06,+0.0E+00,-0.0E+00
-48.00E-06,-80.40201E-03,-804.02E-06
-47.00E-06,-0.0E+00,+804.02E-06
-46.00E-06,-0.0E+00,-2.41206E-03
-45.00E-06,-0.0E+00,+0.0E+00
-44.00E-06,-80.40201E-03,-2.41206E-03
-43.00E-06,+0.0E+00,-2.41206E-03
-42.00E-06,+0.0E+00,-2.41206E-03
-41.00E-06,-80.40201E-03,-804.02E-06
-40.00E-06,+0.0E+00,-1.60804E-03
-39.00E-06,-0.0E+00,-1.60804E-03
-38.00E-06,+0.0E+00,-1.60804E-03
-37.00E-06,-80.40201E-03,-804.02E-06
-36.00E-06,-80.40201E-03,-804.02E-06
-35.00E-06,-80.40201E-03,-0.0E+00
-34.00E-06,-80.40201E-03,-804.02E-06
-33.00E-06,-80.40201E-03,-1.60804E-03
-32.00E-06,+0.0E+00,+804.02E-06
-31.00E-06,-80.40201E-03,-1.60804E-03
-30.00E-06,+0.0E+00,-1.60804E-03
-29.00E-06,-80.40201E-03,-1.60804E-03
-28.00E-06,-0.0E+00,-804.02E-06
-27.00E-06,-0.0E+00,-1.60804E-03
-26.00E-06,-0.0E+00,-0.0E+00
-25.00E-06,-80.40201E-03,-2.41206E-03
-24.00E-06,-0.0E+00,+804.02E-06
-23.00E-06,+0.0E+00,-804.02E-06
-22.00E-06,+0.0E+00,-1.60804E-03
-21.00E-06,-80.40201E-03,-804.02E-06
-20.00E-06,+0.0E+00,-2.41206E-03
-19.00E-06,+0.0E+00,-0.0E+00
-18.00E-06,+0.0E+00,-2.41206E-03
-17.00E-06,-80.40201E-03,-1.60804E-03
-16.00E-06,+0.0E+00,+804.02E-06
-15.00E-06,+0.0E+00,-2.41206E-03
-14.00E-06,-0.0E+00,+804.02E-06
-13.00E-06,-80.40201E-03,+0.0E+00
-12.00E-06,+0.0E+00,-804.02E-06
-11.00E-06,-80.40201E-03,-804.02E-06
-10.00E-06,-80.40201E-03,+0.0E+00
-9.00E-06,+0.0E+00,-2.41206E-03
-8.00E-06,-0.0E+00,-0.0E+00
-7.00E-06,+0.0E+00,+804.02E-06
-6.00E-06,+0.0E+00,-804.02E-06
-5.00E-06,-80.40201E-03,-1.60804E-03
-4.00E-06,-80.40201E-03,-4.02010E-03
-3.00E-06,-80.40201E-03,-804.02E-06
-2.00E-06,-0.0E+00,-1.60804E-03
-1.00E-06,+804.02009E-03,-1.60804E-03
-0.0E+00,+2.01005023E+00,-804.02E-06
+1.00E-06,+3.13567836E+00,+1.60804E-03
+2.00E-06,+4.02010046E+00,-804.02E-06
+3.00E-06,+4.58291452E+00,+1.60804E-03
+4.00E-06,+4.90452256E+00,-804.02E-06
+5.00E-06,+4.98492457E+00,-2.41206E-03
+6.00E-06,+4.66331653E+00,-1.60804E-03
+7.00E-06,+4.02010046E+00,+1.60804E-03
+8.00E-06,+3.21608037E+00,+804.02E-06
+9.00E-06,+2.09045224E+00,-1.60804E-03
+10.00E-06,+964.82411E-03,-0.0E+00
+11.00E-06,-241.20603E-03,-1.60804E-03
+12.00E-06,-1.52763817E+00,-804.02E-06
+13.00E-06,-2.65326630E+00,-1.60804E-03
+14.00E-06,-3.69849242E+00,-1.60804E-03
+15.00E-06,-4.34170850E+00,-2.41206E-03
+16.00E-06,-4.82412055E+00,-1.60804E-03
+17.00E-06,-4.98492457E+00,-1.60804E-03
+18.00E-06,-4.82412055E+00,+0.0E+00
+19.00E-06,-4.42211051E+00,-1.60804E-03
+20.00E-06,-3.69849242E+00,-804.02E-06
+21.00E-06,-2.81407032E+00,-2.41206E-03
+22.00E-06,-1.60804018E+00,-804.02E-06
+23.00E-06,-402.01005E-03,+804.02E-06
+24.00E-06,+884.42210E-03,+1.60804E-03
+25.00E-06,+1.92964822E+00,-804.02E-06
+26.00E-06,+3.05527635E+00,-1.60804E-03
+27.00E-06,+3.93969845E+00,+0.0E+00
+28.00E-06,+4.50251251E+00,+804.02E-06
+29.00E-06,+4.82412055E+00,-1.60804E-03
+30.00E-06,+4.82412055E+00,+1.60804E-03
+31.00E-06,+4.58291452E+00,-0.0E+00
+32.00E-06,+4.02010046E+00,-2.41206E-03
+33.00E-06,+3.13567836E+00,+804.02E-06
+34.00E-06,+2.09045224E+00,-0.0E+00
+35.00E-06,+964.82411E-03,-1.60804E-03
+36.00E-06,-321.60804E-03,+804.02E-06
+37.00E-06,-1.52763817E+00,-1.60804E-03
+38.00E-06,-2.65326630E+00,+0.0E+00
+39.00E-06,-3.61809041E+00,-804.02E-06
+40.00E-06,-4.34170850E+00,+804.02E-06
+41.00E-06,-4.82412055E+00,+0.0E+00
+42.00E-06,-4.90452256E+00,-804.02E-06
+43.00E-06,-4.82412055E+00,-804.02E-06
+44.00E-06,-4.42211051E+00,-0.0E+00
+45.00E-06,-3.69849242E+00,+0.0E+00
+46.00E-06,-2.73366831E+00,-804.02E-06
+47.00E-06,-1.68844219E+00,-1.60804E-03
+48.00E-06,-402.01005E-03,-0.0E+00
+49.00E-06,+804.02009E-03,-1.60804E-03
+50.00E-06,+2.01005023E+00,-804.02E-06
+51.00E-06,+3.05527635E+00,+1.60804E-03
+52.00E-06,+3.85929644E+00,+1.60804E-03
+53.00E-06,+4.50251251E+00,+804.02E-06
+54.00E-06,+4.82412055E+00,+804.02E-06
+55.00E-06,+4.82412055E+00,-1.60804E-03
+56.00E-06,+4.50251251E+00,+0.0E+00
+57.00E-06,+3.93969845E+00,-804.02E-06
+58.00E-06,+3.13567836E+00,-804.02E-06
+59.00E-06,+2.09045224E+00,-1.60804E-03
+60.00E-06,+964.82411E-03,-804.02E-06
+61.00E-06,-241.20603E-03,-804.02E-06
+62.00E-06,-1.52763817E+00,-0.0E+00
+63.00E-06,-2.57286429E+00,-804.02E-06
+64.00E-06,-3.45728640E+00,-2.41206E-03
+65.00E-06,-4.26130649E+00,+0.0E+00
+66.00E-06,-4.74371854E+00,-804.02E-06
+67.00E-06,-4.90452256E+00,+0.0E+00
+68.00E-06,-4.74371854E+00,-1.60804E-03
+69.00E-06,-4.34170850E+00,+1.60804E-03
+70.00E-06,-3.61809041E+00,-804.02E-06
+71.00E-06,-2.73366831E+00,+0.0E+00
+72.00E-06,-1.60804018E+00,+804.02E-06
+73.00E-06,-402.01005E-03,-2.41206E-03
+74.00E-06,+804.02009E-03,+804.02E-06
+75.00E-06,+1.92964822E+00,-804.02E-06
+76.00E-06,+2.97487434E+00,-804.02E-06
+77.00E-06,+3.85929644E+00,-1.60804E-03
+78.00E-06,+4.42211051E+00,-1.60804E-03
+79.00E-06,+4.74371854E+00,+0.0E+00
+80.00E-06,+4.74371854E+00,-1.60804E-03
+81.00E-06,+4.50251251E+00,-1.60804E-03
+82.00E-06,+3.93969845E+00,-1.60804E-03
+83.00E-06,+3.05527635E+00,-804.02E-06
+84.00E-06,+2.09045224E+00,+804.02E-06
+85.00E-06,+964.82411E-03,-804.02E-06
+86.00E-06,-321.60804E-03,-804.02E-06
+87.00E-06,-1.44723617E+00,-804.02E-06
+88.00E-06,-2.57286429E+00,-804.02E-06
+89.00E-06,-3.53768840E+00,-2.41206E-03
+90.00E-06,-4.26130649E+00,-804.02E-06
+91.00E-06,-4.66331653E+00,-804.02E-06
+92.00E-06,-4.82412055E+00,-1.60804E-03
+93.00E-06,-4.74371854E+00,-804.02E-06
+94.00E-06,-4.26130649E+00,+0.0E+00
+95.00E-06,-3.61809041E+00,-804.02E-06
+96.00E-06,-2.65326630E+00,+0.0E+00
+97.00E-06,-1.60804018E+00,-0.0E+00
+98.00E-06,-402.01005E-03,+0.0E+00
+99.00E-06,+723.61808E-03,-804.02E-06
+100.00E-06,+1.92964822E+00,-2.41206E-03
+101.00E-06,+2.97487434E+00,-1.60804E-03
+102.00E-06,+3.77889443E+00,-0.0E+00
+103.00E-06,+4.50251251E+00,-804.02E-06
+104.00E-06,+4.74371854E+00,+1.60804E-03
+105.00E-06,+4.74371854E+00,+0.0E+00
+106.00E-06,+4.42211051E+00,+804.02E-06
+107.00E-06,+3.85929644E+00,-804.02E-06
+108.00E-06,+3.13567836E+00,-804.02E-06
+109.00E-06,+2.09045224E+00,+0.0E+00
+110.00E-06,+964.82411E-03,-1.60804E-03
+111.00E-06,-241.20603E-03,-1.60804E-03
+112.00E-06,-1.44723617E+00,-2.41206E-03
+113.00E-06,-2.57286429E+00,-804.02E-06
+114.00E-06,-3.53768840E+00,+804.02E-06
+115.00E-06,-4.18090448E+00,-804.02E-06
+116.00E-06,-4.66331653E+00,+0.0E+00
+117.00E-06,-4.82412055E+00,-2.41206E-03
+118.00E-06,-4.66331653E+00,-2.41206E-03
+119.00E-06,-4.26130649E+00,+1.60804E-03
+120.00E-06,-3.61809041E+00,+804.02E-06
+121.00E-06,-2.73366831E+00,+804.02E-06
+122.00E-06,-1.60804018E+00,+1.60804E-03
+123.00E-06,-482.41206E-03,-804.02E-06
+124.00E-06,-160.80402E-03,-1.60804E-03
+125.00E-06,-160.80402E-03,+1.60804E-03
+126.00E-06,-241.20603E-03,-804.02E-06
+127.00E-06,-241.20603E-03,-804.02E-06
+128.00E-06,-241.20603E-03,-2.41206E-03
+129.00E-06,-241.20603E-03,+1.60804E-03
+130.00E-06,-241.20603E-03,-2.41206E-03
+131.00E-06,-241.20603E-03,+804.02E-06
+132.00E-06,-160.80402E-03,-1.60804E-03
+133.00E-06,-160.80402E-03,+0.0E+00
+134.00E-06,-80.40201E-03,+804.02E-06
+135.00E-06,-80.40201E-03,-3.21608E-03
+136.00E-06,+0.0E+00,-2.41206E-03
+137.00E-06,+80.40201E-03,-804.02E-06
+138.00E-06,+160.80402E-03,-2.41206E-03
+139.00E-06,+160.80402E-03,+0.0E+00
+140.00E-06,+160.80402E-03,+804.02E-06
+141.00E-06,+160.80402E-03,-1.60804E-03
+142.00E-06,+241.20603E-03,-804.02E-06
+143.00E-06,+160.80402E-03,+0.0E+00
+144.00E-06,+80.40201E-03,+804.02E-06
+145.00E-06,+80.40201E-03,-0.0E+00
+146.00E-06,+0.0E+00,+1.60804E-03
+147.00E-06,-0.0E+00,+804.02E-06
+148.00E-06,-80.40201E-03,+0.0E+00
+149.00E-06,-160.80402E-03,-804.02E-06
+150.00E-06,-160.80402E-03,+804.02E-06
+151.00E-06,-241.20603E-03,-1.60804E-03
+152.00E-06,-241.20603E-03,-0.0E+00
+153.00E-06,-241.20603E-03,-1.60804E-03
+154.00E-06,-241.20603E-03,+0.0E+00
+155.00E-06,-241.20603E-03,-1.60804E-03
+156.00E-06,-160.80402E-03,+804.02E-06
+157.00E-06,-160.80402E-03,-804.02E-06
+158.00E-06,-80.40201E-03,-1.60804E-03
+159.00E-06,-80.40201E-03,+0.0E+00
+160.00E-06,+0.0E+00,-804.02E-06
+161.00E-06,+0.0E+00,-804.02E-06
+162.00E-06,+80.40201E-03,+1.60804E-03
+163.00E-06,+80.40201E-03,-804.02E-06
+164.00E-06,+80.40201E-03,-0.0E+00
+165.00E-06,+160.80402E-03,+804.02E-06
+166.00E-06,+160.80402E-03,+0.0E+00
+167.00E-06,+80.40201E-03,-1.60804E-03
+168.00E-06,+160.80402E-03,-804.02E-06
+169.00E-06,+80.40201E-03,-1.60804E-03
+170.00E-06,+0.0E+00,-2.41206E-03
+171.00E-06,-0.0E+00,-2.41206E-03
+172.00E-06,-0.0E+00,+804.02E-06
+173.00E-06,-80.40201E-03,+0.0E+00
+174.00E-06,-160.80402E-03,+0.0E+00
+175.00E-06,-241.20603E-03,+0.0E+00
+176.00E-06,-241.20603E-03,+1.60804E-03
+177.00E-06,-241.20603E-03,-0.0E+00
+178.00E-06,-241.20603E-03,-0.0E+00
+179.00E-06,-160.80402E-03,-2.41206E-03
+180.00E-06,-160.80402E-03,-3.21608E-03
+181.00E-06,-241.20603E-03,-1.60804E-03
+182.00E-06,-160.80402E-03,-804.02E-06
+183.00E-06,-80.40201E-03,+0.0E+00
+184.00E-06,-80.40201E-03,-804.02E-06
+185.00E-06,+0.0E+00,+804.02E-06
+186.00E-06,+80.40201E-03,-2.41206E-03
+187.00E-06,+80.40201E-03,-1.60804E-03
+188.00E-06,+80.40201E-03,-804.02E-06
+189.00E-06,+160.80402E-03,+0.0E+00
+190.00E-06,+160.80402E-03,-0.0E+00
+191.00E-06,+160.80402E-03,+804.02E-06
+192.00E-06,+80.40201E-03,-1.60804E-03
+193.00E-06,+80.40201E-03,+1.60804E-03
+194.00E-06,+0.0E+00,-804.02E-06
+195.00E-06,+0.0E+00,+1.60804E-03
+196.00E-06,-0.0E+00,+804.02E-06
+197.00E-06,-80.40201E-03,+0.0E+00
+198.00E-06,-160.80402E-03,+0.0E+00
+199.00E-06,-160.80402E-03,-1.60804E-03
+200.00E-06,-160.80402E-03,-1.60804E-03
+201.00E-06,-241.20603E-03,+804.02E-06
+202.00E-06,-241.20603E-03,-804.02E-06
+203.00E-06,-241.20603E-03,+804.02E-06
+204.00E-06,-160.80402E-03,-0.0E+00
+205.00E-06,-241.20603E-03,+804.02E-06
+206.00E-06,-80.40201E-03,-1.60804E-03
+207.00E-06,-80.40201E-03,-1.60804E-03
+208.00E-06,-80.40201E-03,-804.02E-06
+209.00E-06,+0.0E+00,-1.60804E-03
+210.00E-06,+0.0E+00,-0.0E+00
+211.00E-06,+80.40201E-03,-0.0E+00
+212.00E-06,+80.40201E-03,+804.02E-06
+213.00E-06,+80.40201E-03,-0.0E+00
+214.00E-06,+160.80402E-03,-3.21608E-03
+215.00E-06,+80.40201E-03,+804.02E-06
+216.00E-06,+160.80402E-03,+804.02E-06
+217.00E-06,+80.40201E-03,-0.0E+00
+218.00E-06,+80.40201E-03,-2.41206E-03
+219.00E-06,+0.0E+00,-0.0E+00
+220.00E-06,+0.0E+00,+0.0E+00
+221.00E-06,-80.40201E-03,-2.41206E-03
+222.00E-06,-80.40201E-03,-804.02E-06
+223.00E-06,-80.40201E-03,+1.60804E-03
+224.00E-06,-160.80402E-03,-0.0E+00
+225.00E-06,-241.20603E-03,-1.60804E-03
+226.00E-06,-241.20603E-03,-804.02E-06
+227.00E-06,-241.20603E-03,-1.60804E-03
+228.00E-06,-160.80402E-03,+804.02E-06
+229.00E-06,-241.20603E-03,-1.60804E-03
+230.00E-06,-160.80402E-03,-804.02E-06
+231.00E-06,-80.40201E-03,-0.0E+00
+232.00E-06,-80.40201E-03,-804.02E-06
+233.00E-06,+0.0E+00,-2.41206E-03
+234.00E-06,+0.0E+00,+804.02E-06
+235.00E-06,+0.0E+00,-804.02E-06
+236.00E-06,+80.40201E-03,+0.0E+00
+237.00E-06,+80.40201E-03,-0.0E+00
+238.00E-06,+160.80402E-03,-3.21608E-03
+239.00E-06,+80.40201E-03,-1.60804E-03
+240.00E-06,+160.80402E-03,+0.0E+00
+241.00E-06,+80.40201E-03,-804.02E-06
+242.00E-06,+80.40201E-03,-1.60804E-03
+243.00E-06,+80.40201E-03,-804.02E-06
+244.00E-06,+0.0E+00,-804.02E-06
+245.00E-06,+0.0E+00,-1.60804E-03
+246.00E-06,-80.40201E-03,-2.41206E-03
+247.00E-06,-80.40201E-03,-0.0E+00
+248.00E-06,-160.80402E-03,-1.60804E-03
+249.00E-06,-160.80402E-03,-1.60804E-03
+250.00E-06,-160.80402E-03,-1.60804E-03
+251.00E-06,-160.80402E-03,-3.21608E-03
+252.00E-06,-160.80402E-03,+1.60804E-03
+253.00E-06,-160.80402E-03,-1.60804E-03
+254.00E-06,-160.80402E-03,-2.41206E-03
+255.00E-06,-160.80402E-03,-2.41206E-03
+256.00E-06,-160.80402E-03,-2.41206E-03
+257.00E-06,-80.40201E-03,-804.02E-06
+258.00E-06,-0.0E+00,+804.02E-06
+259.00E-06,+0.0E+00,-0.0E+00
+260.00E-06,+80.40201E-03,-804.02E-06
+261.00E-06,+80.40201E-03,+804.02E-06
+262.00E-06,+80.40201E-03,+1.60804E-03
+263.00E-06,+80.40201E-03,-804.02E-06
+264.00E-06,+80.40201E-03,-804.02E-06
+265.00E-06,+80.40201E-03,+0.0E+00
+266.00E-06,+80.40201E-03,+1.60804E-03
+267.00E-06,+80.40201E-03,-804.02E-06
+268.00E-06,+80.40201E-03,-2.41206E-03
+269.00E-06,+0.0E+00,+804.02E-06
+270.00E-06,-0.0E+00,+2.41206E-03
+271.00E-06,-80.40201E-03,+0.0E+00
+272.00E-06,-80.40201E-03,+804.02E-06
+273.00E-06,-160.80402E-03,-1.60804E-03
+274.00E-06,-160.80402E-03,-804.02E-06
+275.00E-06,-160.80402E-03,+0.0E+00
+276.00E-06,-160.80402E-03,-2.41206E-03
+277.00E-06,-160.80402E-03,-2.41206E-03
+278.00E-06,-160.80402E-03,-0.0E+00
+279.00E-06,-160.80402E-03,-1.60804E-03
+280.00E-06,-160.80402E-03,-2.41206E-03
+281.00E-06,-80.40201E-03,-2.41206E-03
+282.00E-06,+0.0E+00,-804.02E-06
+283.00E-06,+0.0E+00,+1.60804E-03
+284.00E-06,+0.0E+00,-804.02E-06
+285.00E-06,+80.40201E-03,-0.0E+00
+286.00E-06,+80.40201E-03,-1.60804E-03
+287.00E-06,+80.40201E-03,-2.41206E-03
+288.00E-06,+80.40201E-03,-0.0E+00
+289.00E-06,+160.80402E-03,-804.02E-06
+290.00E-06,+80.40201E-03,-1.60804E-03
+291.00E-06,+80.40201E-03,+804.02E-06
+292.00E-06,+0.0E+00,-2.41206E-03
+293.00E-06,+0.0E+00,+0.0E+00
+294.00E-06,+0.0E+00,-804.02E-06
+295.00E-06,-80.40201E-03,-1.60804E-03
+296.00E-06,-80.40201E-03,+0.0E+00
+297.00E-06,-160.80402E-03,+0.0E+00
+298.00E-06,-160.80402E-03,+0.0E+00
+299.00E-06,-160.80402E-03,-2.41206E-03
+300.00E-06,-160.80402E-03,-1.60804E-03
+301.00E-06,-160.80402E-03,-804.02E-06
+302.00E-06,-160.80402E-03,-1.60804E-03
+303.00E-06,-160.80402E-03,-1.60804E-03
+304.00E-06,-80.40201E-03,-804.02E-06
+305.00E-06,-80.40201E-03,-804.02E-06
+306.00E-06,-80.40201E-03,-804.02E-06
+307.00E-06,-80.40201E-03,-2.41206E-03
+308.00E-06,+0.0E+00,-0.0E+00
+309.00E-06,+0.0E+00,+804.02E-06
+310.00E-06,+80.40201E-03,-4.02010E-03
+311.00E-06,+80.40201E-03,-0.0E+00
+312.00E-06,+80.40201E-03,-0.0E+00
+313.00E-06,+80.40201E-03,+1.60804E-03
+314.00E-06,+80.40201E-03,+804.02E-06
+315.00E-06,+80.40201E-03,+0.0E+00
+316.00E-06,+80.40201E-03,+804.02E-06
+317.00E-06,+0.0E+00,-1.60804E-03
+318.00E-06,+0.0E+00,-804.02E-06
+319.00E-06,-0.0E+00,+804.02E-06
+320.00E-06,-80.40201E-03,-0.0E+00
+321.00E-06,-80.40201E-03,+0.0E+00
+322.00E-06,-160.80402E-03,+804.02E-06
+323.00E-06,-80.40201E-03,-2.41206E-03
+324.00E-06,-160.80402E-03,-804.02E-06
+325.00E-06,-160.80402E-03,+0.0E+00
+326.00E-06,-160.80402E-03,+0.0E+00
+327.00E-06,-160.80402E-03,+0.0E+00
+328.00E-06,-80.40201E-03,-1.60804E-03
+329.00E-06,-80.40201E-03,-1.60804E-03
+330.00E-06,-80.40201E-03,+804.02E-06
+331.00E-06,-80.40201E-03,-804.02E-06
+332.00E-06,+0.0E+00,-3.21608E-03
+333.00E-06,+0.0E+00,-0.0E+00
+334.00E-06,+0.0E+00,-804.02E-06
+335.00E-06,+80.40201E-03,-804.02E-06
+336.00E-06,+80.40201E-03,-804.02E-06
+337.00E-06,+80.40201E-03,+804.02E-06
+338.00E-06,+80.40201E-03,-2.41206E-03
+339.00E-06,+80.40201E-03,-0.0E+00
+340.00E-06,+80.40201E-03,-0.0E+00
+341.00E-06,+80.40201E-03,+1.60804E-03
+342.00E-06,+0.0E+00,-804.02E-06
+343.00E-06,+0.0E+00,+1.60804E-03
+344.00E-06,-80.40201E-03,-804.02E-06
+345.00E-06,-80.40201E-03,+804.02E-06
+346.00E-06,-160.80402E-03,-804.02E-06
+347.00E-06,-80.40201E-03,+2.41206E-03
+348.00E-06,-160.80402E-03,+804.02E-06
+349.00E-06,-80.40201E-03,-1.60804E-03
+350.00E-06,-160.80402E-03,-1.60804E-03
+351.00E-06,-160.80402E-03,+0.0E+00
+352.00E-06,-80.40201E-03,-1.60804E-03
+353.00E-06,-160.80402E-03,+0.0E+00
+354.00E-06,-80.40201E-03,-1.60804E-03
+355.00E-06,-80.40201E-03,-1.60804E-03
+356.00E-06,+0.0E+00,-1.60804E-03
+357.00E-06,+0.0E+00,-3.21608E-03
+358.00E-06,+0.0E+00,-1.60804E-03
+359.00E-06,+80.40201E-03,-1.60804E-03
+360.00E-06,+0.0E+00,-2.41206E-03
+361.00E-06,+80.40201E-03,+1.60804E-03
+362.00E-06,+80.40201E-03,-804.02E-06
+363.00E-06,+0.0E+00,-1.60804E-03
+364.00E-06,+0.0E+00,-0.0E+00
+365.00E-06,+0.0E+00,-804.02E-06
+366.00E-06,+0.0E+00,+804.02E-06
+367.00E-06,+0.0E+00,-1.60804E-03
+368.00E-06,-80.40201E-03,+1.60804E-03
+369.00E-06,-80.40201E-03,-804.02E-06
+370.00E-06,-80.40201E-03,+0.0E+00
+371.00E-06,-160.80402E-03,+804.02E-06
+372.00E-06,-160.80402E-03,+804.02E-06
+373.00E-06,-160.80402E-03,+804.02E-06
+374.00E-06,-160.80402E-03,+0.0E+00
+375.00E-06,-160.80402E-03,-1.60804E-03
+376.00E-06,-160.80402E-03,+804.02E-06
+377.00E-06,-160.80402E-03,+804.02E-06
+378.00E-06,-80.40201E-03,-1.60804E-03
+379.00E-06,-80.40201E-03,+804.02E-06
+380.00E-06,-80.40201E-03,-804.02E-06
+381.00E-06,+0.0E+00,-4.02010E-03
+382.00E-06,+0.0E+00,-1.60804E-03
+383.00E-06,+0.0E+00,-1.60804E-03
+384.00E-06,+0.0E+00,-804.02E-06
+385.00E-06,+80.40201E-03,-4.02010E-03
+386.00E-06,+80.40201E-03,-3.21608E-03
+387.00E-06,+80.40201E-03,-0.0E+00
+388.00E-06,+0.0E+00,+804.02E-06
+389.00E-06,+0.0E+00,-1.60804E-03
+390.00E-06,+0.0E+00,-804.02E-06
+391.00E-06,+0.0E+00,-1.60804E-03
+392.00E-06,+0.0E+00,-804.02E-06
+393.00E-06,+0.0E+00,-804.02E-06
+394.00E-06,-80.40201E-03,+0.0E+00
+395.00E-06,-80.40201E-03,+0.0E+00
+396.00E-06,-80.40201E-03,+804.02E-06
+397.00E-06,-160.80402E-03,+0.0E+00
+398.00E-06,-160.80402E-03,+804.02E-06
+399.00E-06,-160.80402E-03,-804.02E-06
+400.00E-06,-160.80402E-03,-2.41206E-03
+401.00E-06,-80.40201E-03,-0.0E+00
+402.00E-06,-80.40201E-03,-1.60804E-03
+403.00E-06,-80.40201E-03,-1.60804E-03
+404.00E-06,-80.40201E-03,-1.60804E-03
+405.00E-06,-80.40201E-03,-1.60804E-03
+406.00E-06,-80.40201E-03,-2.41206E-03
+407.00E-06,+0.0E+00,-1.60804E-03
+408.00E-06,+0.0E+00,-0.0E+00
+409.00E-06,+80.40201E-03,-1.60804E-03
+410.00E-06,+0.0E+00,-1.60804E-03
+411.00E-06,+80.40201E-03,-2.41206E-03
+412.00E-06,+0.0E+00,-2.41206E-03
+413.00E-06,+80.40201E-03,-804.02E-06
+414.00E-06,+0.0E+00,-0.0E+00
+415.00E-06,+0.0E+00,-1.60804E-03
+416.00E-06,-0.0E+00,-1.60804E-03
+417.00E-06,-0.0E+00,+0.0E+00
+418.00E-06,-80.40201E-03,+804.02E-06
+419.00E-06,-80.40201E-03,+2.41206E-03
+420.00E-06,-80.40201E-03,+0.0E+00
+421.00E-06,-80.40201E-03,+804.02E-06
+422.00E-06,-160.80402E-03,+804.02E-06
+423.00E-06,-160.80402E-03,+0.0E+00
+424.00E-06,-160.80402E-03,+1.60804E-03
+425.00E-06,-80.40201E-03,-2.41206E-03
+426.00E-06,-80.40201E-03,+804.02E-06
+427.00E-06,-80.40201E-03,-0.0E+00
+428.00E-06,-80.40201E-03,-1.60804E-03
+429.00E-06,-80.40201E-03,-1.60804E-03
+430.00E-06,-80.40201E-03,+804.02E-06
+431.00E-06,+0.0E+00,-2.41206E-03
+432.00E-06,+0.0E+00,-4.02010E-03
+433.00E-06,+0.0E+00,-804.02E-06
+434.00E-06,+80.40201E-03,-1.60804E-03
+435.00E-06,+0.0E+00,-804.02E-06
+436.00E-06,+0.0E+00,-0.0E+00
+437.00E-06,+80.40201E-03,-804.02E-06
+438.00E-06,+0.0E+00,-3.21608E-03
+439.00E-06,+0.0E+00,+804.02E-06
+440.00E-06,+0.0E+00,-804.02E-06
+441.00E-06,+0.0E+00,+1.60804E-03
+442.00E-06,-80.40201E-03,+1.60804E-03
+443.00E-06,-80.40201E-03,-0.0E+00
+444.00E-06,-80.40201E-03,+0.0E+00
+445.00E-06,-80.40201E-03,-804.02E-06
+446.00E-06,-80.40201E-03,+3.21608E-03
+447.00E-06,-80.40201E-03,+804.02E-06
+448.00E-06,-160.80402E-03,-804.02E-06
+449.00E-06,-160.80402E-03,-1.60804E-03
+450.00E-06,-80.40201E-03,+804.02E-06
+451.00E-06,-160.80402E-03,-2.41206E-03
+452.00E-06,-80.40201E-03,-4.02010E-03
+453.00E-06,-80.40201E-03,-1.60804E-03
+454.00E-06,+0.0E+00,-4.82412E-03
+455.00E-06,+0.0E+00,-4.82412E-03
+456.00E-06,+0.0E+00,-3.21608E-03
+457.00E-06,+0.0E+00,-1.60804E-03
+458.00E-06,+80.40201E-03,-3.21608E-03
+459.00E-06,+0.0E+00,-2.41206E-03
+460.00E-06,+0.0E+00,-2.41206E-03
+461.00E-06,+0.0E+00,-804.02E-06
+462.00E-06,+0.0E+00,-0.0E+00
+463.00E-06,+0.0E+00,-0.0E+00
+464.00E-06,+0.0E+00,+1.60804E-03
+465.00E-06,-80.40201E-03,+0.0E+00
+466.00E-06,+0.0E+00,+804.02E-06
+467.00E-06,-80.40201E-03,+804.02E-06
+468.00E-06,-80.40201E-03,+2.41206E-03
+469.00E-06,-80.40201E-03,+2.41206E-03
+470.00E-06,-80.40201E-03,+804.02E-06
+471.00E-06,-80.40201E-03,-1.60804E-03
+472.00E-06,-160.80402E-03,+1.60804E-03
+473.00E-06,-80.40201E-03,+0.0E+00
+474.00E-06,-160.80402E-03,+1.60804E-03
+475.00E-06,-80.40201E-03,-804.02E-06
+476.00E-06,-80.40201E-03,+804.02E-06
+477.00E-06,-80.40201E-03,-2.41206E-03
+478.00E-06,+0.0E+00,-804.02E-06
+479.00E-06,-80.40201E-03,-2.41206E-03
+480.00E-06,+0.0E+00,-2.41206E-03
+481.00E-06,+0.0E+00,-804.02E-06
+482.00E-06,+0.0E+00,-3.21608E-03
+483.00E-06,+0.0E+00,-3.21608E-03
+484.00E-06,+0.0E+00,-0.0E+00
+485.00E-06,+80.40201E-03,-2.41206E-03
+486.00E-06,+0.0E+00,-1.60804E-03
+487.00E-06,+0.0E+00,-0.0E+00
+488.00E-06,+0.0E+00,+1.60804E-03
+489.00E-06,+0.0E+00,+2.41206E-03
+490.00E-06,+0.0E+00,+0.0E+00
+491.00E-06,-80.40201E-03,-804.02E-06
+492.00E-06,-0.0E+00,+2.41206E-03
+493.00E-06,-80.40201E-03,+2.41206E-03
+494.00E-06,-80.40201E-03,+1.60804E-03
+495.00E-06,-80.40201E-03,+804.02E-06
+496.00E-06,-160.80402E-03,-804.02E-06
+497.00E-06,-160.80402E-03,-1.60804E-03
+498.00E-06,-80.40201E-03,-0.0E+00
+499.00E-06,-80.40201E-03,+2.41206E-03
+500.00E-06,-80.40201E-03,-3.21608E-03
+501.00E-06,-80.40201E-03,-3.21608E-03
+502.00E-06,-80.40201E-03,-1.60804E-03
+503.00E-06,-0.0E+00,-804.02E-06
+504.00E-06,-0.0E+00,-2.41206E-03
+505.00E-06,+0.0E+00,-4.82412E-03
+506.00E-06,+80.40201E-03,-804.02E-06
+507.00E-06,+0.0E+00,-1.60804E-03
+508.00E-06,+0.0E+00,-3.21608E-03
+509.00E-06,+0.0E+00,-804.02E-06
+510.00E-06,+0.0E+00,-804.02E-06
+511.00E-06,+80.40201E-03,-2.41206E-03
+512.00E-06,+0.0E+00,-1.60804E-03
+513.00E-06,+0.0E+00,+804.02E-06
+514.00E-06,+80.40201E-03,+2.41206E-03
+515.00E-06,-0.0E+00,+804.02E-06
+516.00E-06,-0.0E+00,+4.02010E-03
+517.00E-06,-80.40201E-03,+0.0E+00
+518.00E-06,-160.80402E-03,+0.0E+00
+519.00E-06,-80.40201E-03,+0.0E+00
+520.00E-06,-80.40201E-03,-804.02E-06
+521.00E-06,-80.40201E-03,+1.60804E-03
+522.00E-06,-80.40201E-03,-804.02E-06
+523.00E-06,-80.40201E-03,+804.02E-06
+524.00E-06,-80.40201E-03,+804.02E-06
+525.00E-06,-80.40201E-03,-1.60804E-03
+526.00E-06,-80.40201E-03,-4.02010E-03
+527.00E-06,-80.40201E-03,-2.41206E-03
+528.00E-06,-80.40201E-03,-1.60804E-03
+529.00E-06,+0.0E+00,-2.41206E-03
+530.00E-06,+0.0E+00,-5.62814E-03
+531.00E-06,+0.0E+00,-3.21608E-03
+532.00E-06,+0.0E+00,+804.02E-06
+533.00E-06,+0.0E+00,-3.21608E-03
+534.00E-06,+0.0E+00,+804.02E-06
+535.00E-06,+0.0E+00,-804.02E-06
+536.00E-06,+0.0E+00,-804.02E-06
+537.00E-06,+0.0E+00,+804.02E-06
+538.00E-06,-0.0E+00,-0.0E+00
+539.00E-06,+0.0E+00,+1.60804E-03
+540.00E-06,-0.0E+00,+3.21608E-03
+541.00E-06,-80.40201E-03,+1.60804E-03
+542.00E-06,-80.40201E-03,-804.02E-06
+543.00E-06,-80.40201E-03,+2.41206E-03
+544.00E-06,-80.40201E-03,+1.60804E-03
+545.00E-06,-80.40201E-03,+804.02E-06
+546.00E-06,-80.40201E-03,-0.0E+00
+547.00E-06,-80.40201E-03,+1.60804E-03
+548.00E-06,-160.80402E-03,-804.02E-06
+549.00E-06,-80.40201E-03,-2.41206E-03
+550.00E-06,-80.40201E-03,-3.21608E-03
+551.00E-06,+0.0E+00,-0.0E+00
+552.00E-06,+0.0E+00,-804.02E-06
+553.00E-06,+0.0E+00,-3.21608E-03
+554.00E-06,+0.0E+00,-1.60804E-03
+555.00E-06,+0.0E+00,-2.41206E-03
+556.00E-06,+0.0E+00,-3.21608E-03
+557.00E-06,+0.0E+00,-3.21608E-03
+558.00E-06,+80.40201E-03,-804.02E-06
+559.00E-06,+0.0E+00,-1.60804E-03
+560.00E-06,+0.0E+00,+1.60804E-03
+561.00E-06,+0.0E+00,-0.0E+00
+562.00E-06,+0.0E+00,-804.02E-06
+563.00E-06,+0.0E+00,+804.02E-06
+564.00E-06,-80.40201E-03,+804.02E-06
+565.00E-06,-0.0E+00,+804.02E-06
+566.00E-06,-80.40201E-03,+0.0E+00
+567.00E-06,-80.40201E-03,+804.02E-06
+568.00E-06,-80.40201E-03,+1.60804E-03
+569.00E-06,-80.40201E-03,+804.02E-06
+570.00E-06,-80.40201E-03,+3.21608E-03
+571.00E-06,-80.40201E-03,+804.02E-06
+572.00E-06,-160.80402E-03,+804.02E-06
+573.00E-06,-80.40201E-03,-1.60804E-03
+574.00E-06,-80.40201E-03,-3.21608E-03
+575.00E-06,-80.40201E-03,-2.41206E-03
+576.00E-06,-80.40201E-03,-804.02E-06
+577.00E-06,+0.0E+00,-3.21608E-03
+578.00E-06,+0.0E+00,-3.21608E-03
+579.00E-06,-80.40201E-03,-1.60804E-03
+580.00E-06,-80.40201E-03,-0.0E+00
+581.00E-06,+0.0E+00,-2.41206E-03
+582.00E-06,-0.0E+00,-3.21608E-03
+583.00E-06,+0.0E+00,-2.41206E-03
+584.00E-06,+0.0E+00,-0.0E+00
+585.00E-06,+0.0E+00,-2.41206E-03
+586.00E-06,+0.0E+00,+804.02E-06
+587.00E-06,-0.0E+00,+1.60804E-03
+588.00E-06,+0.0E+00,+0.0E+00
+589.00E-06,-0.0E+00,+0.0E+00
+590.00E-06,-80.40201E-03,+1.60804E-03
+591.00E-06,-80.40201E-03,+2.41206E-03
+592.00E-06,-80.40201E-03,+804.02E-06
+593.00E-06,-80.40201E-03,+0.0E+00
+594.00E-06,-80.40201E-03,-804.02E-06
+595.00E-06,-160.80402E-03,-804.02E-06
+596.00E-06,-80.40201E-03,+0.0E+00
+597.00E-06,-160.80402E-03,-804.02E-06
+598.00E-06,-80.40201E-03,-1.60804E-03
+599.00E-06,-80.40201E-03,-1.60804E-03
+600.00E-06,-80.40201E-03,-2.41206E-03
+601.00E-06,+0.0E+00,-0.0E+00
+602.00E-06,-80.40201E-03,-4.02010E-03
+603.00E-06,+0.0E+00,-3.21608E-03
+604.00E-06,+0.0E+00,-3.21608E-03
+605.00E-06,+0.0E+00,-4.02010E-03
+606.00E-06,+0.0E+00,-2.41206E-03
+607.00E-06,+0.0E+00,-1.60804E-03
+608.00E-06,+0.0E+00,-804.02E-06
+609.00E-06,+0.0E+00,+0.0E+00
+610.00E-06,+0.0E+00,+804.02E-06
+611.00E-06,-80.40201E-03,+2.41206E-03
+612.00E-06,+0.0E+00,-0.0E+00
+613.00E-06,-80.40201E-03,-804.02E-06
+614.00E-06,-80.40201E-03,+804.02E-06
+615.00E-06,-80.40201E-03,+3.21608E-03
+616.00E-06,-80.40201E-03,+2.41206E-03
+617.00E-06,-80.40201E-03,+3.21608E-03
+618.00E-06,-160.80402E-03,+804.02E-06
+619.00E-06,-80.40201E-03,+3.21608E-03
+620.00E-06,-80.40201E-03,+1.60804E-03
+621.00E-06,-80.40201E-03,-1.60804E-03
+622.00E-06,-80.40201E-03,-1.60804E-03
+623.00E-06,-0.0E+00,-1.60804E-03
+624.00E-06,-0.0E+00,-804.02E-06
+625.00E-06,-80.40201E-03,-2.41206E-03
+626.00E-06,+0.0E+00,-3.21608E-03
+627.00E-06,+0.0E+00,-5.62814E-03
+628.00E-06,+0.0E+00,-3.21608E-03
+629.00E-06,+0.0E+00,-3.21608E-03
+630.00E-06,+80.40201E-03,-4.02010E-03
+631.00E-06,+0.0E+00,-3.21608E-03
+632.00E-06,+0.0E+00,-804.02E-06
+633.00E-06,+0.0E+00,+0.0E+00
+634.00E-06,+0.0E+00,-0.0E+00
+635.00E-06,-0.0E+00,-0.0E+00
+636.00E-06,-80.40201E-03,+1.60804E-03
+637.00E-06,-0.0E+00,+1.60804E-03
+638.00E-06,-80.40201E-03,+804.02E-06
+639.00E-06,-80.40201E-03,+1.60804E-03
+640.00E-06,-80.40201E-03,+4.02010E-03
+641.00E-06,-80.40201E-03,+1.60804E-03
+642.00E-06,-80.40201E-03,+3.21608E-03
+643.00E-06,-80.40201E-03,+1.60804E-03
+644.00E-06,-80.40201E-03,+804.02E-06
+645.00E-06,-80.40201E-03,+2.41206E-03
+646.00E-06,-80.40201E-03,-0.0E+00
+647.00E-06,-80.40201E-03,-804.02E-06
+648.00E-06,-80.40201E-03,-1.60804E-03
+649.00E-06,-0.0E+00,+804.02E-06
+650.00E-06,+0.0E+00,-3.21608E-03
+651.00E-06,-80.40201E-03,-3.21608E-03
+652.00E-06,+0.0E+00,-4.02010E-03
+653.00E-06,+0.0E+00,-4.02010E-03
+654.00E-06,+0.0E+00,-1.60804E-03
+655.00E-06,+0.0E+00,-4.02010E-03
+656.00E-06,+0.0E+00,-1.60804E-03
+657.00E-06,+0.0E+00,-2.41206E-03
+658.00E-06,+0.0E+00,-0.0E+00
+659.00E-06,+0.0E+00,+804.02E-06
+660.00E-06,+0.0E+00,+1.60804E-03
+661.00E-06,-80.40201E-03,+804.02E-06
+662.00E-06,-0.0E+00,+0.0E+00
+663.00E-06,-80.40201E-03,+2.41206E-03
+664.00E-06,-80.40201E-03,+804.02E-06
+665.00E-06,-80.40201E-03,+2.41206E-03
+666.00E-06,-80.40201E-03,+1.60804E-03
+667.00E-06,-80.40201E-03,+1.60804E-03
+668.00E-06,-80.40201E-03,+1.60804E-03
+669.00E-06,-80.40201E-03,+2.41206E-03
+670.00E-06,-0.0E+00,+2.41206E-03
+671.00E-06,-80.40201E-03,-1.60804E-03
+672.00E-06,-80.40201E-03,-1.60804E-03
+673.00E-06,-80.40201E-03,-3.21608E-03
+674.00E-06,-80.40201E-03,-3.21608E-03
+675.00E-06,-80.40201E-03,-4.02010E-03
+676.00E-06,-0.0E+00,-3.21608E-03
+677.00E-06,+0.0E+00,-4.02010E-03
+678.00E-06,+0.0E+00,-3.21608E-03
+679.00E-06,+0.0E+00,-2.41206E-03
+680.00E-06,+0.0E+00,-804.02E-06
+681.00E-06,+0.0E+00,-1.60804E-03
+682.00E-06,+0.0E+00,+0.0E+00
+683.00E-06,+0.0E+00,-804.02E-06
+684.00E-06,+0.0E+00,-2.41206E-03
+685.00E-06,-0.0E+00,+1.60804E-03
+686.00E-06,+0.0E+00,+1.60804E-03
+687.00E-06,-80.40201E-03,+1.60804E-03
+688.00E-06,-80.40201E-03,+3.21608E-03
+689.00E-06,-80.40201E-03,+804.02E-06
+690.00E-06,-80.40201E-03,+4.02010E-03
+691.00E-06,-80.40201E-03,+0.0E+00
+692.00E-06,-80.40201E-03,-804.02E-06
+693.00E-06,-80.40201E-03,+1.60804E-03
+694.00E-06,-160.80402E-03,+804.02E-06
+695.00E-06,-80.40201E-03,-0.0E+00
+696.00E-06,-80.40201E-03,+804.02E-06
+697.00E-06,-0.0E+00,-2.41206E-03
+698.00E-06,-0.0E+00,-804.02E-06
+699.00E-06,+0.0E+00,-804.02E-06
+700.00E-06,-80.40201E-03,-2.41206E-03
+701.00E-06,+0.0E+00,-1.60804E-03
+702.00E-06,+0.0E+00,-1.60804E-03
+703.00E-06,+0.0E+00,-804.02E-06
+704.00E-06,+0.0E+00,-3.21608E-03
+705.00E-06,+0.0E+00,-804.02E-06
+706.00E-06,+0.0E+00,-1.60804E-03
+707.00E-06,+0.0E+00,-1.60804E-03
+708.00E-06,+0.0E+00,-804.02E-06
+709.00E-06,+0.0E+00,+0.0E+00
+710.00E-06,+0.0E+00,+804.02E-06
+711.00E-06,-80.40201E-03,+804.02E-06
+712.00E-06,-0.0E+00,+804.02E-06
+713.00E-06,-80.40201E-03,+804.02E-06
+714.00E-06,-80.40201E-03,+4.02010E-03
+715.00E-06,-80.40201E-03,+804.02E-06
+716.00E-06,-80.40201E-03,+1.60804E-03
+717.00E-06,-80.40201E-03,+1.60804E-03
+718.00E-06,-80.40201E-03,+1.60804E-03
+719.00E-06,-80.40201E-03,+804.02E-06
+720.00E-06,-80.40201E-03,+0.0E+00
+721.00E-06,-80.40201E-03,+804.02E-06
+722.00E-06,+0.0E+00,-1.60804E-03
+723.00E-06,-80.40201E-03,-2.41206E-03
+724.00E-06,-80.40201E-03,-4.02010E-03
+725.00E-06,+0.0E+00,-4.82412E-03
+726.00E-06,+0.0E+00,-2.41206E-03
+727.00E-06,-80.40201E-03,-2.41206E-03
+728.00E-06,+0.0E+00,-2.41206E-03
+729.00E-06,+0.0E+00,-1.60804E-03
+730.00E-06,+0.0E+00,-2.41206E-03
+731.00E-06,+0.0E+00,-1.60804E-03
+732.00E-06,+0.0E+00,-804.02E-06
+733.00E-06,+0.0E+00,-2.41206E-03
+734.00E-06,+0.0E+00,-804.02E-06
+735.00E-06,-80.40201E-03,+2.41206E-03
+736.00E-06,-0.0E+00,+1.60804E-03
+737.00E-06,-80.40201E-03,+804.02E-06
+738.00E-06,-80.40201E-03,+1.60804E-03
+739.00E-06,-80.40201E-03,+2.41206E-03
+740.00E-06,-80.40201E-03,+3.21608E-03
+741.00E-06,-80.40201E-03,+804.02E-06
+742.00E-06,-80.40201E-03,+804.02E-06
+743.00E-06,-80.40201E-03,+2.41206E-03
+744.00E-06,-80.40201E-03,+1.60804E-03
+745.00E-06,-80.40201E-03,-0.0E+00
+746.00E-06,-80.40201E-03,-0.0E+00
+747.00E-06,-80.40201E-03,+804.02E-06
+748.00E-06,-80.40201E-03,-4.02010E-03
+749.00E-06,-80.40201E-03,-1.60804E-03
+750.00E-06,-0.0E+00,-4.02010E-03
+751.00E-06,+0.0E+00,-3.21608E-03
+752.00E-06,+0.0E+00,-2.41206E-03
+753.00E-06,+0.0E+00,-4.02010E-03
+754.00E-06,+0.0E+00,-3.21608E-03
+755.00E-06,+0.0E+00,-4.02010E-03
+756.00E-06,+0.0E+00,-1.60804E-03
+757.00E-06,-0.0E+00,-1.60804E-03
+758.00E-06,-80.40201E-03,-0.0E+00
+759.00E-06,-80.40201E-03,-804.02E-06
+760.00E-06,-80.40201E-03,+2.41206E-03
+761.00E-06,-80.40201E-03,+2.41206E-03
+762.00E-06,+0.0E+00,+1.60804E-03
+763.00E-06,-0.0E+00,+2.41206E-03
+764.00E-06,-80.40201E-03,+1.60804E-03
+765.00E-06,-80.40201E-03,+804.02E-06
+766.00E-06,-80.40201E-03,+1.60804E-03
+767.00E-06,-80.40201E-03,+804.02E-06
+768.00E-06,-0.0E+00,-0.0E+00
+769.00E-06,-80.40201E-03,+804.02E-06
+770.00E-06,-80.40201E-03,-0.0E+00
+771.00E-06,-0.0E+00,-804.02E-06
+772.00E-06,-80.40201E-03,-4.02010E-03
+773.00E-06,-80.40201E-03,-5.62814E-03
+774.00E-06,+0.0E+00,-2.41206E-03
+775.00E-06,+0.0E+00,-2.41206E-03
+776.00E-06,+0.0E+00,-3.21608E-03
+777.00E-06,+0.0E+00,-2.41206E-03
+778.00E-06,+80.40201E-03,-2.41206E-03
+779.00E-06,+0.0E+00,-1.60804E-03
+780.00E-06,+0.0E+00,-804.02E-06
+781.00E-06,+0.0E+00,-0.0E+00
+782.00E-06,+0.0E+00,-2.41206E-03
+783.00E-06,+0.0E+00,-804.02E-06
+784.00E-06,+0.0E+00,-0.0E+00
+785.00E-06,-0.0E+00,+804.02E-06
+786.00E-06,-0.0E+00,+0.0E+00
+787.00E-06,-80.40201E-03,+1.60804E-03
+788.00E-06,-80.40201E-03,+1.60804E-03
+789.00E-06,-80.40201E-03,+1.60804E-03
+790.00E-06,-80.40201E-03,+804.02E-06
+791.00E-06,-0.0E+00,+804.02E-06
+792.00E-06,-80.40201E-03,-804.02E-06
+793.00E-06,-80.40201E-03,+1.60804E-03
+794.00E-06,-0.0E+00,+0.0E+00
+795.00E-06,-80.40201E-03,-3.21608E-03
+796.00E-06,-80.40201E-03,-2.41206E-03
+797.00E-06,-0.0E+00,-0.0E+00
+798.00E-06,-80.40201E-03,-2.41206E-03
+799.00E-06,+0.0E+00,-3.21608E-03
+800.00E-06,+0.0E+00,-4.02010E-03
+801.00E-06,-80.40201E-03,-2.41206E-03
+802.00E-06,+0.0E+00,-2.41206E-03
+803.00E-06,+0.0E+00,-0.0E+00
+804.00E-06,+0.0E+00,-4.02010E-03
+805.00E-06,+0.0E+00,-2.41206E-03
+806.00E-06,+0.0E+00,-0.0E+00
+807.00E-06,-0.0E+00,-1.60804E-03
+808.00E-06,-0.0E+00,+804.02E-06
+809.00E-06,-80.40201E-03,+804.02E-06
+810.00E-06,-0.0E+00,+804.02E-06
+811.00E-06,-80.40201E-03,+1.60804E-03
+812.00E-06,-80.40201E-03,+3.21608E-03
+813.00E-06,-80.40201E-03,+2.41206E-03
+814.00E-06,-80.40201E-03,+2.41206E-03
+815.00E-06,-80.40201E-03,+1.60804E-03
+816.00E-06,-80.40201E-03,+0.0E+00
+817.00E-06,-80.40201E-03,-1.60804E-03
+818.00E-06,-80.40201E-03,+1.60804E-03
+819.00E-06,-80.40201E-03,+804.02E-06
+820.00E-06,-0.0E+00,-804.02E-06
+821.00E-06,-80.40201E-03,-3.21608E-03
+822.00E-06,-80.40201E-03,-2.41206E-03
+823.00E-06,-0.0E+00,-2.41206E-03
+824.00E-06,+0.0E+00,-1.60804E-03
+825.00E-06,+0.0E+00,-804.02E-06
+826.00E-06,-0.0E+00,-3.21608E-03
+827.00E-06,+0.0E+00,-1.60804E-03
+828.00E-06,+0.0E+00,-2.41206E-03
+829.00E-06,+0.0E+00,-3.21608E-03
+830.00E-06,-80.40201E-03,+1.60804E-03
+831.00E-06,+0.0E+00,+0.0E+00
+832.00E-06,-0.0E+00,-804.02E-06
+833.00E-06,+0.0E+00,-1.60804E-03
+834.00E-06,-80.40201E-03,+804.02E-06
+835.00E-06,-80.40201E-03,+1.60804E-03
+836.00E-06,-80.40201E-03,+0.0E+00
+837.00E-06,-0.0E+00,+1.60804E-03
+838.00E-06,-80.40201E-03,+5.62814E-03
+839.00E-06,-80.40201E-03,+1.60804E-03
+840.00E-06,-80.40201E-03,+1.60804E-03
+841.00E-06,-0.0E+00,+804.02E-06
+842.00E-06,-80.40201E-03,+1.60804E-03
+843.00E-06,+0.0E+00,-1.60804E-03
+844.00E-06,+0.0E+00,-1.60804E-03
+845.00E-06,-80.40201E-03,-0.0E+00
+846.00E-06,+0.0E+00,-0.0E+00
+847.00E-06,+0.0E+00,-1.60804E-03
+848.00E-06,+0.0E+00,-5.62814E-03
+849.00E-06,-0.0E+00,-804.02E-06
+850.00E-06,+0.0E+00,-2.41206E-03
+851.00E-06,+0.0E+00,-1.60804E-03
+852.00E-06,-80.40201E-03,-4.02010E-03
+853.00E-06,+0.0E+00,-2.41206E-03
+854.00E-06,+0.0E+00,-1.60804E-03
+855.00E-06,+0.0E+00,-1.60804E-03
+856.00E-06,-80.40201E-03,-804.02E-06
+857.00E-06,-0.0E+00,-0.0E+00
+858.00E-06,+0.0E+00,+804.02E-06
+859.00E-06,-0.0E+00,+804.02E-06
+860.00E-06,-80.40201E-03,+2.41206E-03
+861.00E-06,-80.40201E-03,-1.60804E-03
+862.00E-06,-80.40201E-03,+804.02E-06
+863.00E-06,-80.40201E-03,-804.02E-06
+864.00E-06,-0.0E+00,+804.02E-06
+865.00E-06,-80.40201E-03,-1.60804E-03
+866.00E-06,-80.40201E-03,+0.0E+00
+867.00E-06,-80.40201E-03,-804.02E-06
+868.00E-06,-80.40201E-03,-1.60804E-03
+869.00E-06,-0.0E+00,-1.60804E-03
+870.00E-06,-80.40201E-03,-0.0E+00
+871.00E-06,-0.0E+00,+1.60804E-03
+872.00E-06,-80.40201E-03,-0.0E+00
+873.00E-06,+0.0E+00,-2.41206E-03
+874.00E-06,-80.40201E-03,-1.60804E-03
+875.00E-06,+0.0E+00,-1.60804E-03
+876.00E-06,-0.0E+00,-2.41206E-03
+877.00E-06,-0.0E+00,-804.02E-06
+878.00E-06,-80.40201E-03,-2.41206E-03
+879.00E-06,-80.40201E-03,-3.21608E-03
+880.00E-06,+0.0E+00,-2.41206E-03
+881.00E-06,+0.0E+00,-804.02E-06
+882.00E-06,+0.0E+00,-1.60804E-03
+883.00E-06,-80.40201E-03,-804.02E-06
+884.00E-06,-0.0E+00,+1.60804E-03
+885.00E-06,-0.0E+00,+1.60804E-03
+886.00E-06,-80.40201E-03,+2.41206E-03
+887.00E-06,-80.40201E-03,+3.21608E-03
+888.00E-06,-80.40201E-03,+2.41206E-03
+889.00E-06,-0.0E+00,+804.02E-06
+890.00E-06,-0.0E+00,-804.02E-06
+891.00E-06,-0.0E+00,+804.02E-06
+892.00E-06,-80.40201E-03,-804.02E-06
+893.00E-06,-0.0E+00,+804.02E-06
+894.00E-06,-80.40201E-03,+804.02E-06
+895.00E-06,-80.40201E-03,-1.60804E-03
+896.00E-06,+0.0E+00,-3.21608E-03
+897.00E-06,+0.0E+00,-0.0E+00
+898.00E-06,-80.40201E-03,+0.0E+00
+899.00E-06,-80.40201E-03,-1.60804E-03
+900.00E-06,-0.0E+00,-2.41206E-03
+901.00E-06,-80.40201E-03,-3.21608E-03
+902.00E-06,-80.40201E-03,+0.0E+00
+903.00E-06,+0.0E+00,+1.60804E-03
+904.00E-06,-80.40201E-03,-804.02E-06
+905.00E-06,+0.0E+00,+804.02E-06
+906.00E-06,-80.40201E-03,+1.60804E-03
+907.00E-06,+0.0E+00,+1.60804E-03
+908.00E-06,-80.40201E-03,+1.60804E-03
+909.00E-06,-80.40201E-03,+804.02E-06
+910.00E-06,-80.40201E-03,+0.0E+00
+911.00E-06,-80.40201E-03,+804.02E-06
+912.00E-06,-0.0E+00,+804.02E-06
+913.00E-06,-80.40201E-03,+2.41206E-03
+914.00E-06,-80.40201E-03,-1.60804E-03
+915.00E-06,-80.40201E-03,+804.02E-06
+916.00E-06,-80.40201E-03,+1.60804E-03
+917.00E-06,-80.40201E-03,+804.02E-06
+918.00E-06,-80.40201E-03,-804.02E-06
+919.00E-06,-80.40201E-03,-3.21608E-03
+920.00E-06,-80.40201E-03,+0.0E+00
+921.00E-06,+0.0E+00,-804.02E-06
+922.00E-06,+0.0E+00,-1.60804E-03
+923.00E-06,+0.0E+00,-2.41206E-03
+924.00E-06,-0.0E+00,-2.41206E-03
+925.00E-06,-80.40201E-03,-2.41206E-03
+926.00E-06,+0.0E+00,-1.60804E-03
+927.00E-06,+0.0E+00,+0.0E+00
+928.00E-06,-0.0E+00,-3.21608E-03
+929.00E-06,-0.0E+00,-3.21608E-03
+930.00E-06,-80.40201E-03,-1.60804E-03
+931.00E-06,+0.0E+00,-804.02E-06
+932.00E-06,-80.40201E-03,-804.02E-06
+933.00E-06,-0.0E+00,+2.41206E-03
+934.00E-06,-80.40201E-03,+0.0E+00
+935.00E-06,-80.40201E-03,-2.41206E-03
+936.00E-06,-80.40201E-03,+0.0E+00
+937.00E-06,-80.40201E-03,+2.41206E-03
+938.00E-06,+0.0E+00,+2.41206E-03
+939.00E-06,-80.40201E-03,+804.02E-06
+940.00E-06,-80.40201E-03,+804.02E-06
+941.00E-06,-80.40201E-03,+0.0E+00
+942.00E-06,-80.40201E-03,-1.60804E-03
+943.00E-06,-80.40201E-03,+1.60804E-03
+944.00E-06,+0.0E+00,-0.0E+00
+945.00E-06,+0.0E+00,-804.02E-06
+946.00E-06,+0.0E+00,-804.02E-06
+947.00E-06,+0.0E+00,-804.02E-06
+948.00E-06,+0.0E+00,-804.02E-06
+949.00E-06,+0.0E+00,-804.02E-06
+950.00E-06,+0.0E+00,-1.60804E-03
+951.00E-06,-80.40201E-03,-804.02E-06
+952.00E-06,-0.0E+00,-804.02E-06
+953.00E-06,-80.40201E-03,-1.60804E-03
+954.00E-06,-80.40201E-03,-0.0E+00
+955.00E-06,-80.40201E-03,-2.41206E-03
+956.00E-06,+0.0E+00,+0.0E+00
+957.00E-06,-0.0E+00,-804.02E-06
+958.00E-06,-80.40201E-03,-804.02E-06
+959.00E-06,-80.40201E-03,-804.02E-06
+960.00E-06,-80.40201E-03,+804.02E-06
+961.00E-06,-80.40201E-03,-804.02E-06
+962.00E-06,-80.40201E-03,+2.41206E-03
+963.00E-06,-80.40201E-03,-1.60804E-03
+964.00E-06,+0.0E+00,+0.0E+00
+965.00E-06,-0.0E+00,+0.0E+00
+966.00E-06,-0.0E+00,-1.60804E-03
+967.00E-06,-80.40201E-03,-1.60804E-03
+968.00E-06,-80.40201E-03,-2.41206E-03
+969.00E-06,-0.0E+00,-1.60804E-03
+970.00E-06,-0.0E+00,-1.60804E-03
+971.00E-06,+0.0E+00,+804.02E-06
+972.00E-06,-80.40201E-03,-2.41206E-03
+973.00E-06,+0.0E+00,-0.0E+00
+974.00E-06,+0.0E+00,-804.02E-06
+975.00E-06,+0.0E+00,+0.0E+00
+976.00E-06,+0.0E+00,+0.0E+00
+977.00E-06,+0.0E+00,-0.0E+00
+978.00E-06,+0.0E+00,+804.02E-06
+979.00E-06,+0.0E+00,-804.02E-06
+980.00E-06,-80.40201E-03,-804.02E-06
+981.00E-06,+0.0E+00,+804.02E-06
+982.00E-06,-80.40201E-03,-804.02E-06
+983.00E-06,-0.0E+00,+804.02E-06
+984.00E-06,+0.0E+00,-804.02E-06
+985.00E-06,-80.40201E-03,+2.41206E-03
+986.00E-06,-0.0E+00,+2.41206E-03
+987.00E-06,-0.0E+00,-0.0E+00
+988.00E-06,+0.0E+00,-2.41206E-03
+989.00E-06,-80.40201E-03,-804.02E-06
+990.00E-06,-0.0E+00,+0.0E+00
+991.00E-06,-0.0E+00,-804.02E-06
+992.00E-06,-80.40201E-03,-1.60804E-03
+993.00E-06,+0.0E+00,+804.02E-06
+994.00E-06,-80.40201E-03,-1.60804E-03
+995.00E-06,-0.0E+00,+0.0E+00
+996.00E-06,-0.0E+00,-1.60804E-03
+997.00E-06,-0.0E+00,-804.02E-06
+998.00E-06,+0.0E+00,-1.60804E-03
+999.00E-06,+0.0E+00,-804.02E-06
+1.00000E-03,+0.0E+00,+1.60804E-03
+1.00100E-03,+0.0E+00,+1.60804E-03
+1.00200E-03,-0.0E+00,-1.60804E-03
+1.00300E-03,+0.0E+00,-1.60804E-03
+1.00400E-03,-80.40201E-03,-1.60804E-03
+1.00500E-03,-80.40201E-03,-1.60804E-03
+1.00600E-03,-80.40201E-03,-0.0E+00
+1.00700E-03,+0.0E+00,+804.02E-06
+1.00800E-03,-0.0E+00,-804.02E-06
+1.00900E-03,-80.40201E-03,-804.02E-06
+1.01000E-03,-80.40201E-03,+804.02E-06
+1.01100E-03,-80.40201E-03,-2.41206E-03
+1.01200E-03,-80.40201E-03,-804.02E-06
+1.01300E-03,+0.0E+00,-2.41206E-03
+1.01400E-03,-80.40201E-03,-0.0E+00
+1.01500E-03,-80.40201E-03,-2.41206E-03
+1.01600E-03,-80.40201E-03,+0.0E+00
+1.01700E-03,-0.0E+00,-0.0E+00
+1.01800E-03,-0.0E+00,+2.41206E-03
+1.01900E-03,-0.0E+00,+804.02E-06
+1.02000E-03,-80.40201E-03,+804.02E-06
+1.02100E-03,-80.40201E-03,+0.0E+00
+1.02200E-03,+0.0E+00,+2.41206E-03
+1.02300E-03,+0.0E+00,+0.0E+00
+1.02400E-03,+0.0E+00,+1.60804E-03
+1.02500E-03,-0.0E+00,-804.02E-06
+1.02600E-03,+0.0E+00,+804.02E-06
+1.02700E-03,+0.0E+00,-804.02E-06
+1.02800E-03,-80.40201E-03,-2.41206E-03
+1.02900E-03,+0.0E+00,-804.02E-06
+1.03000E-03,-80.40201E-03,-1.60804E-03
+1.03100E-03,-80.40201E-03,-1.60804E-03
+1.03200E-03,-80.40201E-03,-2.41206E-03
+1.03300E-03,-80.40201E-03,-1.60804E-03
+1.03400E-03,+0.0E+00,-1.60804E-03
+1.03500E-03,-80.40201E-03,+804.02E-06
+1.03600E-03,-80.40201E-03,-2.41206E-03
+1.03700E-03,-80.40201E-03,-2.41206E-03
+1.03800E-03,-80.40201E-03,-1.60804E-03
+1.03900E-03,-80.40201E-03,-804.02E-06
+1.04000E-03,-80.40201E-03,+0.0E+00
+1.04100E-03,-80.40201E-03,+804.02E-06
+1.04200E-03,-80.40201E-03,-1.60804E-03
+1.04300E-03,+0.0E+00,-1.60804E-03
+1.04400E-03,-0.0E+00,-0.0E+00
+1.04500E-03,-0.0E+00,-0.0E+00
+1.04600E-03,-80.40201E-03,+804.02E-06
+1.04700E-03,-80.40201E-03,+1.60804E-03
+1.04800E-03,+0.0E+00,+1.60804E-03
+1.04900E-03,-80.40201E-03,+1.60804E-03
+1.05000E-03,+0.0E+00,+804.02E-06
+1.05100E-03,-0.0E+00,+1.60804E-03
+1.05200E-03,-0.0E+00,+0.0E+00
+1.05300E-03,-80.40201E-03,+804.02E-06
+1.05400E-03,-80.40201E-03,+1.60804E-03
+1.05500E-03,+0.0E+00,+804.02E-06
+1.05600E-03,+0.0E+00,+804.02E-06
+1.05700E-03,-0.0E+00,-804.02E-06
+1.05800E-03,+0.0E+00,-804.02E-06
+1.05900E-03,-80.40201E-03,-1.60804E-03
+1.06000E-03,-80.40201E-03,-2.41206E-03
+1.06100E-03,-80.40201E-03,-804.02E-06
+1.06200E-03,-0.0E+00,-1.60804E-03
+1.06300E-03,+0.0E+00,-804.02E-06
+1.06400E-03,-80.40201E-03,-804.02E-06
+1.06500E-03,-0.0E+00,-0.0E+00
+1.06600E-03,-80.40201E-03,-804.02E-06
+1.06700E-03,-0.0E+00,-804.02E-06
+1.06800E-03,-80.40201E-03,+1.60804E-03
+1.06900E-03,-0.0E+00,+0.0E+00
+1.07000E-03,+0.0E+00,+0.0E+00
+1.07100E-03,+0.0E+00,-804.02E-06
+1.07200E-03,+0.0E+00,+804.02E-06
+1.07300E-03,+0.0E+00,+804.02E-06
+1.07400E-03,-0.0E+00,+1.60804E-03
+1.07500E-03,+0.0E+00,-804.02E-06
+1.07600E-03,-80.40201E-03,-1.60804E-03
+1.07700E-03,-80.40201E-03,-1.60804E-03
+1.07800E-03,-0.0E+00,-2.41206E-03
+1.07900E-03,-80.40201E-03,+804.02E-06
+1.08000E-03,-80.40201E-03,-1.60804E-03
+1.08100E-03,-80.40201E-03,-4.02010E-03
+1.08200E-03,-80.40201E-03,-4.02010E-03
+1.08300E-03,-0.0E+00,-3.21608E-03
+1.08400E-03,-80.40201E-03,-2.41206E-03
+1.08500E-03,-80.40201E-03,-2.41206E-03
+1.08600E-03,-0.0E+00,-2.41206E-03
+1.08700E-03,-80.40201E-03,-0.0E+00
+1.08800E-03,-80.40201E-03,-1.60804E-03
+1.08900E-03,+0.0E+00,-2.41206E-03
+1.09000E-03,-80.40201E-03,-2.41206E-03
+1.09100E-03,-80.40201E-03,+1.60804E-03
+1.09200E-03,+0.0E+00,-2.41206E-03
+1.09300E-03,-0.0E+00,+804.02E-06
+1.09400E-03,-0.0E+00,+804.02E-06
+1.09500E-03,-0.0E+00,+3.21608E-03
+1.09600E-03,-0.0E+00,+2.41206E-03
+1.09700E-03,+0.0E+00,+0.0E+00
+1.09800E-03,-0.0E+00,+2.41206E-03
+1.09900E-03,-0.0E+00,+0.0E+00
+1.10000E-03,-0.0E+00,+3.21608E-03
+1.10100E-03,-0.0E+00,+3.21608E-03
+1.10200E-03,-80.40201E-03,+1.60804E-03
+1.10300E-03,+0.0E+00,-0.0E+00
+1.10400E-03,-80.40201E-03,-3.21608E-03
+1.10500E-03,+0.0E+00,-804.02E-06
+1.10600E-03,+0.0E+00,-4.02010E-03
+1.10700E-03,-0.0E+00,-0.0E+00
+1.10800E-03,+0.0E+00,-1.60804E-03
+1.10900E-03,-0.0E+00,-3.21608E-03
+1.11000E-03,-80.40201E-03,-2.41206E-03
+1.11100E-03,-80.40201E-03,-2.41206E-03
+1.11200E-03,-80.40201E-03,+0.0E+00
+1.11300E-03,-80.40201E-03,-804.02E-06
+1.11400E-03,-80.40201E-03,-804.02E-06
+1.11500E-03,-80.40201E-03,-0.0E+00
+1.11600E-03,-80.40201E-03,-804.02E-06
+1.11700E-03,-80.40201E-03,+0.0E+00
+1.11800E-03,-80.40201E-03,+0.0E+00
+1.11900E-03,-80.40201E-03,+3.21608E-03
+1.12000E-03,-80.40201E-03,+1.60804E-03
+1.12100E-03,-80.40201E-03,+2.41206E-03
+1.12200E-03,-0.0E+00,+1.60804E-03
+1.12300E-03,-0.0E+00,-804.02E-06
+1.12400E-03,-0.0E+00,+2.41206E-03
+1.12500E-03,-80.40201E-03,-1.60804E-03
+1.12600E-03,-80.40201E-03,+804.02E-06
+1.12700E-03,+0.0E+00,+1.60804E-03
+1.12800E-03,+0.0E+00,-1.60804E-03
+1.12900E-03,+0.0E+00,-804.02E-06
+1.13000E-03,-0.0E+00,-2.41206E-03
+1.13100E-03,-80.40201E-03,-3.21608E-03
+1.13200E-03,-80.40201E-03,-4.02010E-03
+1.13300E-03,-80.40201E-03,-2.41206E-03
+1.13400E-03,-80.40201E-03,-2.41206E-03
+1.13500E-03,+0.0E+00,-2.41206E-03
+1.13600E-03,-80.40201E-03,-2.41206E-03
+1.13700E-03,-80.40201E-03,-2.41206E-03
+1.13800E-03,+0.0E+00,-2.41206E-03
+1.13900E-03,-80.40201E-03,-1.60804E-03
+1.14000E-03,-80.40201E-03,-804.02E-06
+1.14100E-03,-0.0E+00,+3.21608E-03
+1.14200E-03,+0.0E+00,+3.21608E-03
+1.14300E-03,-80.40201E-03,+804.02E-06
+1.14400E-03,-80.40201E-03,+804.02E-06
+1.14500E-03,+0.0E+00,+4.82412E-03
+1.14600E-03,-80.40201E-03,+1.60804E-03
+1.14700E-03,-80.40201E-03,+1.60804E-03
+1.14800E-03,-0.0E+00,+2.41206E-03
+1.14900E-03,+0.0E+00,+1.60804E-03
+1.15000E-03,-80.40201E-03,-0.0E+00
+1.15100E-03,-80.40201E-03,+804.02E-06
+1.15200E-03,+0.0E+00,+1.60804E-03
+1.15300E-03,-80.40201E-03,-2.41206E-03
+1.15400E-03,-80.40201E-03,-3.21608E-03
+1.15500E-03,+0.0E+00,-0.0E+00
+1.15600E-03,+0.0E+00,-804.02E-06
+1.15700E-03,-80.40201E-03,-2.41206E-03
+1.15800E-03,-80.40201E-03,-4.02010E-03
+1.15900E-03,-80.40201E-03,-804.02E-06
+1.16000E-03,-80.40201E-03,-2.41206E-03
+1.16100E-03,-80.40201E-03,-804.02E-06
+1.16200E-03,-80.40201E-03,-1.60804E-03
+1.16300E-03,-0.0E+00,-2.41206E-03
+1.16400E-03,-80.40201E-03,-804.02E-06
+1.16500E-03,-0.0E+00,+0.0E+00
+1.16600E-03,-80.40201E-03,+804.02E-06
+1.16700E-03,+0.0E+00,+0.0E+00
+1.16800E-03,+0.0E+00,+4.02010E-03
+1.16900E-03,+0.0E+00,+804.02E-06
+1.17000E-03,+0.0E+00,+3.21608E-03
+1.17100E-03,+0.0E+00,+1.60804E-03
+1.17200E-03,+0.0E+00,+2.41206E-03
+1.17300E-03,+0.0E+00,+3.21608E-03
+1.17400E-03,+0.0E+00,-0.0E+00
+1.17500E-03,-80.40201E-03,+804.02E-06
+1.17600E-03,+0.0E+00,-1.60804E-03
+1.17700E-03,-80.40201E-03,-804.02E-06
+1.17800E-03,+0.0E+00,-3.21608E-03
+1.17900E-03,-0.0E+00,-2.41206E-03
+1.18000E-03,-80.40201E-03,-2.41206E-03
+1.18100E-03,-80.40201E-03,-2.41206E-03
+1.18200E-03,-0.0E+00,-804.02E-06
+1.18300E-03,-80.40201E-03,-2.41206E-03
+1.18400E-03,-80.40201E-03,-2.41206E-03
+1.18500E-03,-80.40201E-03,-3.21608E-03
+1.18600E-03,-80.40201E-03,-2.41206E-03
+1.18700E-03,-80.40201E-03,+804.02E-06
+1.18800E-03,-0.0E+00,-1.60804E-03
+1.18900E-03,+0.0E+00,+2.41206E-03
+1.19000E-03,-0.0E+00,-804.02E-06
+1.19100E-03,-80.40201E-03,+1.60804E-03
+1.19200E-03,+0.0E+00,+1.60804E-03
+1.19300E-03,-80.40201E-03,+1.60804E-03
+1.19400E-03,-0.0E+00,+1.60804E-03
+1.19500E-03,-80.40201E-03,+4.82412E-03
+1.19600E-03,-0.0E+00,+804.02E-06
+1.19700E-03,+0.0E+00,+1.60804E-03
+1.19800E-03,+0.0E+00,+0.0E+00
+1.19900E-03,-80.40201E-03,+0.0E+00
+1.20000E-03,+0.0E+00,+1.60804E-03
+1.20100E-03,-80.40201E-03,+804.02E-06
+1.20200E-03,-0.0E+00,-1.60804E-03
+1.20300E-03,-0.0E+00,-1.60804E-03
+1.20400E-03,-80.40201E-03,-2.41206E-03
+1.20500E-03,-0.0E+00,-1.60804E-03
+1.20600E-03,-80.40201E-03,-1.60804E-03
+1.20700E-03,-80.40201E-03,-3.21608E-03
+1.20800E-03,-80.40201E-03,-1.60804E-03
+1.20900E-03,+0.0E+00,-5.62814E-03
+1.21000E-03,-80.40201E-03,-804.02E-06
+1.21100E-03,-80.40201E-03,-804.02E-06
+1.21200E-03,+0.0E+00,-3.21608E-03
+1.21300E-03,-80.40201E-03,-2.41206E-03
+1.21400E-03,-80.40201E-03,+1.60804E-03
+1.21500E-03,+0.0E+00,+804.02E-06
+1.21600E-03,-80.40201E-03,+804.02E-06
+1.21700E-03,+0.0E+00,+3.21608E-03
+1.21800E-03,-0.0E+00,+1.60804E-03
+1.21900E-03,+0.0E+00,+1.60804E-03
+1.22000E-03,-0.0E+00,+0.0E+00
+1.22100E-03,+0.0E+00,+2.41206E-03
+1.22200E-03,-80.40201E-03,+2.41206E-03
+1.22300E-03,-80.40201E-03,+0.0E+00
+1.22400E-03,+0.0E+00,-804.02E-06
+1.22500E-03,-0.0E+00,+804.02E-06
+1.22600E-03,-0.0E+00,-0.0E+00
+1.22700E-03,+0.0E+00,-2.41206E-03
+1.22800E-03,-80.40201E-03,-2.41206E-03
+1.22900E-03,+0.0E+00,-4.02010E-03
+1.23000E-03,-0.0E+00,-3.21608E-03
+1.23100E-03,-80.40201E-03,-1.60804E-03
+1.23200E-03,-0.0E+00,-2.41206E-03
+1.23300E-03,-80.40201E-03,-2.41206E-03
+1.23400E-03,-80.40201E-03,-4.82412E-03
+1.23500E-03,-80.40201E-03,-2.41206E-03
+1.23600E-03,-0.0E+00,-3.21608E-03
+1.23700E-03,-0.0E+00,+0.0E+00
+1.23800E-03,-80.40201E-03,+0.0E+00
+1.23900E-03,-80.40201E-03,+804.02E-06
+1.24000E-03,-80.40201E-03,+1.60804E-03
+1.24100E-03,-80.40201E-03,+3.21608E-03
+1.24200E-03,-0.0E+00,+0.0E+00
+1.24300E-03,-80.40201E-03,+3.21608E-03
+1.24400E-03,-80.40201E-03,+4.02010E-03
+1.24500E-03,-80.40201E-03,+1.60804E-03
+1.24600E-03,+0.0E+00,+804.02E-06
+1.24700E-03,-80.40201E-03,+1.60804E-03
+1.24800E-03,-80.40201E-03,+804.02E-06
+1.24900E-03,-0.0E+00,+804.02E-06
+1.25000E-03,+0.0E+00,-1.60804E-03
+1.25100E-03,-80.40201E-03,-2.41206E-03
+1.25200E-03,+0.0E+00,+804.02E-06
+1.25300E-03,-80.40201E-03,-1.60804E-03
+1.25400E-03,-80.40201E-03,-2.41206E-03
+1.25500E-03,-0.0E+00,-4.02010E-03
+1.25600E-03,+0.0E+00,-2.41206E-03
+1.25700E-03,-80.40201E-03,-4.02010E-03
+1.25800E-03,-80.40201E-03,-4.02010E-03
+1.25900E-03,-80.40201E-03,-1.60804E-03
+1.26000E-03,-80.40201E-03,-1.60804E-03
+1.26100E-03,-80.40201E-03,-1.60804E-03
+1.26200E-03,-80.40201E-03,-804.02E-06
+1.26300E-03,-80.40201E-03,-804.02E-06
+1.26400E-03,-80.40201E-03,+1.60804E-03
+1.26500E-03,-80.40201E-03,+0.0E+00
+1.26600E-03,-80.40201E-03,+1.60804E-03
+1.26700E-03,-0.0E+00,+804.02E-06
+1.26800E-03,+0.0E+00,+2.41206E-03
+1.26900E-03,-0.0E+00,+3.21608E-03
+1.27000E-03,-0.0E+00,+3.21608E-03
+1.27100E-03,-80.40201E-03,+0.0E+00
+1.27200E-03,+0.0E+00,+0.0E+00
+1.27300E-03,-80.40201E-03,+804.02E-06
+1.27400E-03,+0.0E+00,-804.02E-06
+1.27500E-03,-80.40201E-03,-2.41206E-03
+1.27600E-03,-80.40201E-03,-0.0E+00
+1.27700E-03,-80.40201E-03,-3.21608E-03
+1.27800E-03,-80.40201E-03,-3.21608E-03
+1.27900E-03,-0.0E+00,-3.21608E-03
+1.28000E-03,+0.0E+00,-5.62814E-03
+1.28100E-03,+0.0E+00,-1.60804E-03
+1.28200E-03,-0.0E+00,-5.62814E-03
+1.28300E-03,-80.40201E-03,-2.41206E-03
+1.28400E-03,-80.40201E-03,-804.02E-06
+1.28500E-03,-80.40201E-03,-2.41206E-03
+1.28600E-03,-0.0E+00,+804.02E-06
+1.28700E-03,-80.40201E-03,-1.60804E-03
+1.28800E-03,+0.0E+00,+804.02E-06
+1.28900E-03,-80.40201E-03,+804.02E-06
+1.29000E-03,-80.40201E-03,+0.0E+00
+1.29100E-03,+0.0E+00,+3.21608E-03
+1.29200E-03,-0.0E+00,+804.02E-06
+1.29300E-03,+0.0E+00,+3.21608E-03
+1.29400E-03,-0.0E+00,+0.0E+00
+1.29500E-03,-0.0E+00,+2.41206E-03
+1.29600E-03,+0.0E+00,-804.02E-06
+1.29700E-03,-80.40201E-03,-0.0E+00
+1.29800E-03,+0.0E+00,+2.41206E-03
+1.29900E-03,-0.0E+00,-804.02E-06
+1.30000E-03,+0.0E+00,-2.41206E-03
+1.30100E-03,+0.0E+00,-1.60804E-03
+1.30200E-03,-80.40201E-03,-2.41206E-03
+1.30300E-03,-80.40201E-03,-5.62814E-03
+1.30400E-03,-80.40201E-03,-3.21608E-03
+1.30500E-03,-0.0E+00,-3.21608E-03
+1.30600E-03,-80.40201E-03,-4.02010E-03
+1.30700E-03,-80.40201E-03,-0.0E+00
+1.30800E-03,-0.0E+00,-3.21608E-03
+1.30900E-03,-0.0E+00,-804.02E-06
+1.31000E-03,-0.0E+00,-2.41206E-03
+1.31100E-03,-80.40201E-03,+0.0E+00
+1.31200E-03,-80.40201E-03,+0.0E+00
+1.31300E-03,-0.0E+00,+3.21608E-03
+1.31400E-03,-80.40201E-03,+804.02E-06
+1.31500E-03,-80.40201E-03,+4.02010E-03
+1.31600E-03,-80.40201E-03,+3.21608E-03
+1.31700E-03,-0.0E+00,+1.60804E-03
+1.31800E-03,-80.40201E-03,+5.62814E-03
+1.31900E-03,-80.40201E-03,+4.82412E-03
+1.32000E-03,+0.0E+00,+1.60804E-03
+1.32100E-03,-0.0E+00,+0.0E+00
+1.32200E-03,-80.40201E-03,+2.41206E-03
+1.32300E-03,+0.0E+00,-0.0E+00
+1.32400E-03,+0.0E+00,-1.60804E-03
+1.32500E-03,-80.40201E-03,-3.21608E-03
+1.32600E-03,-160.80402E-03,-3.21608E-03
+1.32700E-03,-0.0E+00,-4.82412E-03
+1.32800E-03,-80.40201E-03,-2.41206E-03
+1.32900E-03,-80.40201E-03,-4.82412E-03
+1.33000E-03,-80.40201E-03,-6.43216E-03
+1.33100E-03,-80.40201E-03,-3.21608E-03
+1.33200E-03,-80.40201E-03,-4.02010E-03
+1.33300E-03,-0.0E+00,-1.60804E-03
+1.33400E-03,-80.40201E-03,-2.41206E-03
+1.33500E-03,+0.0E+00,-1.60804E-03
+1.33600E-03,+0.0E+00,+804.02E-06
+1.33700E-03,-0.0E+00,+1.60804E-03
+1.33800E-03,-80.40201E-03,+3.21608E-03
+1.33900E-03,-80.40201E-03,+5.62814E-03
+1.34000E-03,+0.0E+00,+5.62814E-03
+1.34100E-03,+0.0E+00,+3.21608E-03
+1.34200E-03,-80.40201E-03,+804.02E-06
+1.34300E-03,+0.0E+00,+2.41206E-03
+1.34400E-03,-80.40201E-03,+804.02E-06
+1.34500E-03,-0.0E+00,+804.02E-06
+1.34600E-03,-80.40201E-03,+3.21608E-03
+1.34700E-03,-80.40201E-03,+0.0E+00
+1.34800E-03,-80.40201E-03,-804.02E-06
+1.34900E-03,-80.40201E-03,-1.60804E-03
+1.35000E-03,-80.40201E-03,-3.21608E-03
+1.35100E-03,+0.0E+00,-4.82412E-03
+1.35200E-03,-80.40201E-03,-4.02010E-03
+1.35300E-03,-80.40201E-03,-2.41206E-03
+1.35400E-03,-80.40201E-03,-5.62814E-03
+1.35500E-03,-0.0E+00,-4.02010E-03
+1.35600E-03,-0.0E+00,-4.82412E-03
+1.35700E-03,-80.40201E-03,-1.60804E-03
+1.35800E-03,-80.40201E-03,-2.41206E-03
+1.35900E-03,-80.40201E-03,-1.60804E-03
+1.36000E-03,+0.0E+00,-1.60804E-03
+1.36100E-03,-80.40201E-03,+804.02E-06
+1.36200E-03,+0.0E+00,+2.41206E-03
+1.36300E-03,-80.40201E-03,+4.02010E-03
+1.36400E-03,-80.40201E-03,+2.41206E-03
+1.36500E-03,+0.0E+00,+3.21608E-03
+1.36600E-03,+0.0E+00,+5.62814E-03
+1.36700E-03,+0.0E+00,+2.41206E-03
+1.36800E-03,-80.40201E-03,+6.43216E-03
+1.36900E-03,+0.0E+00,+1.60804E-03
+1.37000E-03,-0.0E+00,+2.41206E-03
+1.37100E-03,-0.0E+00,+1.60804E-03
+1.37200E-03,-80.40201E-03,-0.0E+00
+1.37300E-03,-0.0E+00,-2.41206E-03
+1.37400E-03,-80.40201E-03,-804.02E-06
+1.37500E-03,+0.0E+00,-1.60804E-03
+1.37600E-03,+0.0E+00,-4.02010E-03
+1.37700E-03,-80.40201E-03,-3.21608E-03
+1.37800E-03,-0.0E+00,-5.62814E-03
+1.37900E-03,+0.0E+00,-3.21608E-03
+1.38000E-03,-80.40201E-03,-4.82412E-03
+1.38100E-03,-0.0E+00,-2.41206E-03
+1.38200E-03,-80.40201E-03,-1.60804E-03
+1.38300E-03,+0.0E+00,-1.60804E-03
+1.38400E-03,-80.40201E-03,-3.21608E-03
+1.38500E-03,-80.40201E-03,+804.02E-06
+1.38600E-03,-80.40201E-03,+804.02E-06
+1.38700E-03,-80.40201E-03,+2.41206E-03
+1.38800E-03,-80.40201E-03,+0.0E+00
+1.38900E-03,-0.0E+00,+4.02010E-03
+1.39000E-03,-80.40201E-03,+3.21608E-03
+1.39100E-03,-80.40201E-03,+4.02010E-03
+1.39200E-03,+0.0E+00,+2.41206E-03
+1.39300E-03,-0.0E+00,+3.21608E-03
+1.39400E-03,-80.40201E-03,+2.41206E-03
+1.39500E-03,-0.0E+00,-1.60804E-03
+1.39600E-03,+0.0E+00,-1.60804E-03
+1.39700E-03,-0.0E+00,-2.41206E-03
+1.39800E-03,+0.0E+00,-3.21608E-03
+1.39900E-03,+0.0E+00,-4.02010E-03
+1.40000E-03,+0.0E+00,-3.21608E-03
+1.40100E-03,+0.0E+00,-4.82412E-03
+1.40200E-03,-80.40201E-03,-4.02010E-03
+1.40300E-03,-0.0E+00,-5.62814E-03
+1.40400E-03,-80.40201E-03,-2.41206E-03
+1.40500E-03,-80.40201E-03,-4.02010E-03
+1.40600E-03,+0.0E+00,-5.62814E-03
+1.40700E-03,-80.40201E-03,-1.60804E-03
+1.40800E-03,-0.0E+00,-1.60804E-03
+1.40900E-03,+0.0E+00,-1.60804E-03
+1.41000E-03,-80.40201E-03,-1.60804E-03
+1.41100E-03,+0.0E+00,+2.41206E-03
+1.41200E-03,-80.40201E-03,+4.02010E-03
+1.41300E-03,+0.0E+00,+1.60804E-03
+1.41400E-03,-0.0E+00,+1.60804E-03
+1.41500E-03,-80.40201E-03,+6.43216E-03
+1.41600E-03,-0.0E+00,+4.82412E-03
+1.41700E-03,-0.0E+00,+1.60804E-03
+1.41800E-03,-80.40201E-03,+3.21608E-03
+1.41900E-03,+0.0E+00,+0.0E+00
+1.42000E-03,-0.0E+00,+0.0E+00
+1.42100E-03,-0.0E+00,-804.02E-06
+1.42200E-03,-80.40201E-03,-804.02E-06
+1.42300E-03,-80.40201E-03,-1.60804E-03
+1.42400E-03,-80.40201E-03,-4.02010E-03
+1.42500E-03,+0.0E+00,-1.60804E-03
+1.42600E-03,-80.40201E-03,-5.62814E-03
+1.42700E-03,-80.40201E-03,-2.41206E-03
+1.42800E-03,-0.0E+00,-4.02010E-03
+1.42900E-03,+0.0E+00,-3.21608E-03
+1.43000E-03,-80.40201E-03,-3.21608E-03
+1.43100E-03,-80.40201E-03,-0.0E+00
+1.43200E-03,-80.40201E-03,+804.02E-06
+1.43300E-03,-80.40201E-03,-0.0E+00
+1.43400E-03,+0.0E+00,+1.60804E-03
+1.43500E-03,-0.0E+00,+804.02E-06
+1.43600E-03,-0.0E+00,+0.0E+00
+1.43700E-03,+0.0E+00,+3.21608E-03
+1.43800E-03,-160.80402E-03,+4.02010E-03
+1.43900E-03,-80.40201E-03,+3.21608E-03
+1.44000E-03,-80.40201E-03,+3.21608E-03
+1.44100E-03,-0.0E+00,+3.21608E-03
+1.44200E-03,-80.40201E-03,+1.60804E-03
+1.44300E-03,+0.0E+00,+1.60804E-03
+1.44400E-03,-0.0E+00,+0.0E+00
+1.44500E-03,+0.0E+00,+804.02E-06
+1.44600E-03,-80.40201E-03,-1.60804E-03
+1.44700E-03,-80.40201E-03,-1.60804E-03
+1.44800E-03,+0.0E+00,-2.41206E-03
+1.44900E-03,-80.40201E-03,-2.41206E-03
+1.45000E-03,+0.0E+00,-4.02010E-03
+1.45100E-03,-80.40201E-03,-4.82412E-03
+1.45200E-03,+0.0E+00,-3.21608E-03
+1.45300E-03,+0.0E+00,-5.62814E-03
+1.45400E-03,-0.0E+00,-3.21608E-03
+1.45500E-03,-80.40201E-03,-4.82412E-03
+1.45600E-03,-0.0E+00,-804.02E-06
+1.45700E-03,+0.0E+00,-1.60804E-03
+1.45800E-03,-80.40201E-03,-1.60804E-03
+1.45900E-03,-80.40201E-03,+3.21608E-03
+1.46000E-03,+0.0E+00,+804.02E-06
+1.46100E-03,-0.0E+00,+3.21608E-03
+1.46200E-03,+0.0E+00,+4.82412E-03
+1.46300E-03,-80.40201E-03,+3.21608E-03
+1.46400E-03,-80.40201E-03,+6.43216E-03
+1.46500E-03,-80.40201E-03,+2.41206E-03
+1.46600E-03,-0.0E+00,+3.21608E-03
+1.46700E-03,-80.40201E-03,+2.41206E-03
+1.46800E-03,+0.0E+00,-804.02E-06
+1.46900E-03,+0.0E+00,+0.0E+00
+1.47000E-03,-80.40201E-03,+0.0E+00
+1.47100E-03,-0.0E+00,-0.0E+00
+1.47200E-03,-80.40201E-03,-0.0E+00
+1.47300E-03,-0.0E+00,-2.41206E-03
+1.47400E-03,-80.40201E-03,-6.43216E-03
+1.47500E-03,+0.0E+00,-4.82412E-03
+1.47600E-03,-80.40201E-03,-4.02010E-03
+1.47700E-03,-80.40201E-03,-4.82412E-03
+1.47800E-03,-0.0E+00,-3.21608E-03
+1.47900E-03,-0.0E+00,-2.41206E-03
+1.48000E-03,-80.40201E-03,-2.41206E-03
+1.48100E-03,-0.0E+00,-2.41206E-03
+1.48200E-03,+0.0E+00,-1.60804E-03
+1.48300E-03,-80.40201E-03,+1.60804E-03
+1.48400E-03,-80.40201E-03,+1.60804E-03
+1.48500E-03,-0.0E+00,+804.02E-06
+1.48600E-03,+0.0E+00,+2.41206E-03
+1.48700E-03,+0.0E+00,+2.41206E-03
+1.48800E-03,-80.40201E-03,+1.60804E-03
+1.48900E-03,-80.40201E-03,+2.41206E-03
+1.49000E-03,-0.0E+00,+2.41206E-03
+1.49100E-03,-80.40201E-03,+1.60804E-03
+1.49200E-03,-0.0E+00,+2.41206E-03
+1.49300E-03,-80.40201E-03,+804.02E-06
+1.49400E-03,-80.40201E-03,+0.0E+00
+1.49500E-03,+0.0E+00,+0.0E+00
+1.49600E-03,-80.40201E-03,-804.02E-06
+1.49700E-03,-80.40201E-03,-2.41206E-03
+1.49800E-03,-80.40201E-03,-3.21608E-03
+1.49900E-03,-80.40201E-03,-4.02010E-03
+1.50000E-03,-0.0E+00,-3.21608E-03
+1.50100E-03,-80.40201E-03,-2.41206E-03
+1.50200E-03,-0.0E+00,-1.60804E-03
+1.50300E-03,-80.40201E-03,-4.02010E-03
+1.50400E-03,+0.0E+00,-2.41206E-03
+1.50500E-03,-80.40201E-03,-2.41206E-03
+1.50600E-03,+0.0E+00,-804.02E-06
+1.50700E-03,-80.40201E-03,+804.02E-06
+1.50800E-03,-0.0E+00,+0.0E+00
+1.50900E-03,-80.40201E-03,+1.60804E-03
+1.51000E-03,-80.40201E-03,+1.60804E-03
+1.51100E-03,-80.40201E-03,+1.60804E-03
+1.51200E-03,-80.40201E-03,+4.82412E-03
+1.51300E-03,-0.0E+00,+3.21608E-03
+1.51400E-03,-80.40201E-03,+4.02010E-03
+1.51500E-03,-0.0E+00,+2.41206E-03
+1.51600E-03,+0.0E+00,+4.02010E-03
+1.51700E-03,-0.0E+00,+0.0E+00
+1.51800E-03,-80.40201E-03,+1.60804E-03
+1.51900E-03,+0.0E+00,-1.60804E-03
+1.52000E-03,-80.40201E-03,-1.60804E-03
+1.52100E-03,-80.40201E-03,-1.60804E-03
+1.52200E-03,+0.0E+00,-3.21608E-03
+1.52300E-03,-0.0E+00,-4.02010E-03
+1.52400E-03,-80.40201E-03,-4.02010E-03
+1.52500E-03,-0.0E+00,-4.82412E-03
+1.52600E-03,-0.0E+00,-3.21608E-03
+1.52700E-03,-0.0E+00,-804.02E-06
+1.52800E-03,-80.40201E-03,-1.60804E-03
+1.52900E-03,+0.0E+00,-1.60804E-03
+1.53000E-03,-80.40201E-03,-0.0E+00
+1.53100E-03,+0.0E+00,-3.21608E-03
+1.53200E-03,+0.0E+00,-804.02E-06
+1.53300E-03,-80.40201E-03,+1.60804E-03
+1.53400E-03,-0.0E+00,+1.60804E-03
+1.53500E-03,-80.40201E-03,+3.21608E-03
+1.53600E-03,+0.0E+00,+2.41206E-03
+1.53700E-03,+0.0E+00,+804.02E-06
+1.53800E-03,-80.40201E-03,+2.41206E-03
+1.53900E-03,+0.0E+00,+804.02E-06
+1.54000E-03,-0.0E+00,+4.82412E-03
+1.54100E-03,+0.0E+00,+2.41206E-03
+1.54200E-03,-80.40201E-03,+0.0E+00
+1.54300E-03,-0.0E+00,-0.0E+00
+1.54400E-03,-80.40201E-03,-804.02E-06
+1.54500E-03,+0.0E+00,-1.60804E-03
+1.54600E-03,-80.40201E-03,-1.60804E-03
+1.54700E-03,-80.40201E-03,-804.02E-06
+1.54800E-03,-0.0E+00,-2.41206E-03
+1.54900E-03,+0.0E+00,-2.41206E-03
+1.55000E-03,+0.0E+00,-3.21608E-03
+1.55100E-03,-0.0E+00,-4.02010E-03
+1.55200E-03,+0.0E+00,-5.62814E-03
+1.55300E-03,+0.0E+00,-1.60804E-03
+1.55400E-03,+0.0E+00,-2.41206E-03
+1.55500E-03,-80.40201E-03,-3.21608E-03
+1.55600E-03,-80.40201E-03,-804.02E-06
+1.55700E-03,-0.0E+00,+3.21608E-03
+1.55800E-03,+0.0E+00,+1.60804E-03
+1.55900E-03,-80.40201E-03,+4.82412E-03
+1.56000E-03,-80.40201E-03,+3.21608E-03
+1.56100E-03,-0.0E+00,+4.82412E-03
+1.56200E-03,-0.0E+00,+2.41206E-03
+1.56300E-03,+0.0E+00,+4.82412E-03
+1.56400E-03,-80.40201E-03,+2.41206E-03
+1.56500E-03,-80.40201E-03,+1.60804E-03
+1.56600E-03,-80.40201E-03,+3.21608E-03
+1.56700E-03,-0.0E+00,+2.41206E-03
+1.56800E-03,-0.0E+00,+804.02E-06
+1.56900E-03,-80.40201E-03,-804.02E-06
+1.57000E-03,-0.0E+00,-2.41206E-03
+1.57100E-03,-80.40201E-03,-804.02E-06
+1.57200E-03,-80.40201E-03,-4.82412E-03
+1.57300E-03,+0.0E+00,-3.21608E-03
+1.57400E-03,+0.0E+00,-4.82412E-03
+1.57500E-03,-80.40201E-03,-4.02010E-03
+1.57600E-03,-0.0E+00,-4.02010E-03
+1.57700E-03,-80.40201E-03,-804.02E-06
+1.57800E-03,-0.0E+00,-1.60804E-03
+1.57900E-03,-80.40201E-03,-1.60804E-03
+1.58000E-03,-80.40201E-03,+804.02E-06
+1.58100E-03,+0.0E+00,-1.60804E-03
+1.58200E-03,+0.0E+00,+804.02E-06
+1.58300E-03,-80.40201E-03,+1.60804E-03
+1.58400E-03,-0.0E+00,+1.60804E-03
+1.58500E-03,-80.40201E-03,+2.41206E-03
+1.58600E-03,-80.40201E-03,+4.02010E-03
+1.58700E-03,-0.0E+00,+4.02010E-03
+1.58800E-03,-0.0E+00,+3.21608E-03
+1.58900E-03,-80.40201E-03,+4.02010E-03
+1.59000E-03,+0.0E+00,+4.02010E-03
+1.59100E-03,-0.0E+00,+804.02E-06
+1.59200E-03,+0.0E+00,+804.02E-06
+1.59300E-03,+0.0E+00,-0.0E+00
+1.59400E-03,-0.0E+00,+804.02E-06
+1.59500E-03,-80.40201E-03,-2.41206E-03
+1.59600E-03,+0.0E+00,-804.02E-06
+1.59700E-03,-80.40201E-03,-3.21608E-03
+1.59800E-03,-80.40201E-03,-2.41206E-03
+1.59900E-03,+0.0E+00,-2.41206E-03
+1.60000E-03,+0.0E+00,-1.60804E-03
+1.60100E-03,-80.40201E-03,-4.02010E-03
+1.60200E-03,-80.40201E-03,-4.02010E-03
+1.60300E-03,-80.40201E-03,-1.60804E-03
+1.60400E-03,+0.0E+00,-3.21608E-03
+1.60500E-03,-0.0E+00,+0.0E+00
+1.60600E-03,-80.40201E-03,+1.60804E-03
+1.60700E-03,-80.40201E-03,+1.60804E-03
+1.60800E-03,+0.0E+00,+1.60804E-03
+1.60900E-03,-80.40201E-03,+2.41206E-03
+1.61000E-03,-0.0E+00,+3.21608E-03
+1.61100E-03,+0.0E+00,+4.02010E-03
+1.61200E-03,-0.0E+00,+4.02010E-03
+1.61300E-03,-0.0E+00,+1.60804E-03
+1.61400E-03,-80.40201E-03,+1.60804E-03
+1.61500E-03,+0.0E+00,-0.0E+00
+1.61600E-03,-80.40201E-03,+0.0E+00
+1.61700E-03,-80.40201E-03,+2.41206E-03
+1.61800E-03,-0.0E+00,-804.02E-06
+1.61900E-03,-80.40201E-03,-1.60804E-03
+1.62000E-03,-0.0E+00,-2.41206E-03
+1.62100E-03,+0.0E+00,-2.41206E-03
+1.62200E-03,-80.40201E-03,-1.60804E-03
+1.62300E-03,+0.0E+00,-4.82412E-03
+1.62400E-03,+0.0E+00,-2.41206E-03
+1.62500E-03,-80.40201E-03,-4.02010E-03
+1.62600E-03,-80.40201E-03,-1.60804E-03
+1.62700E-03,+0.0E+00,-4.02010E-03
+1.62800E-03,+0.0E+00,-804.02E-06
+1.62900E-03,+0.0E+00,+0.0E+00
+1.63000E-03,+0.0E+00,-804.02E-06
+1.63100E-03,-80.40201E-03,+1.60804E-03
+1.63200E-03,-80.40201E-03,+2.41206E-03
+1.63300E-03,-80.40201E-03,+2.41206E-03
+1.63400E-03,-80.40201E-03,+1.60804E-03
+1.63500E-03,+0.0E+00,+4.02010E-03
+1.63600E-03,+0.0E+00,+4.82412E-03
+1.63700E-03,-80.40201E-03,+3.21608E-03
+1.63800E-03,+0.0E+00,+1.60804E-03
+1.63900E-03,-80.40201E-03,-1.60804E-03
+1.64000E-03,-0.0E+00,+804.02E-06
+1.64100E-03,+0.0E+00,+804.02E-06
+1.64200E-03,-80.40201E-03,-0.0E+00
+1.64300E-03,-0.0E+00,-804.02E-06
+1.64400E-03,-80.40201E-03,-2.41206E-03
+1.64500E-03,+0.0E+00,-804.02E-06
+1.64600E-03,+0.0E+00,-3.21608E-03
+1.64700E-03,-80.40201E-03,-4.02010E-03
+1.64800E-03,-80.40201E-03,-4.82412E-03
+1.64900E-03,-80.40201E-03,-4.02010E-03
+1.65000E-03,-80.40201E-03,-4.02010E-03
+1.65100E-03,-0.0E+00,-3.21608E-03
+1.65200E-03,-80.40201E-03,-1.60804E-03
+1.65300E-03,-80.40201E-03,-3.21608E-03
+1.65400E-03,-80.40201E-03,-0.0E+00
+1.65500E-03,-0.0E+00,+804.02E-06
+1.65600E-03,-0.0E+00,+0.0E+00
+1.65700E-03,-0.0E+00,+1.60804E-03
+1.65800E-03,+0.0E+00,+1.60804E-03
+1.65900E-03,+0.0E+00,+4.82412E-03
+1.66000E-03,-80.40201E-03,+804.02E-06
+1.66100E-03,+0.0E+00,+1.60804E-03
+1.66200E-03,+0.0E+00,+3.21608E-03
+1.66300E-03,-80.40201E-03,+1.60804E-03
+1.66400E-03,-80.40201E-03,+3.21608E-03
+1.66500E-03,+0.0E+00,+0.0E+00
+1.66600E-03,+0.0E+00,-0.0E+00
+1.66700E-03,+0.0E+00,-1.60804E-03
+1.66800E-03,-0.0E+00,-1.60804E-03
+1.66900E-03,-80.40201E-03,-1.60804E-03
+1.67000E-03,-80.40201E-03,-2.41206E-03
+1.67100E-03,+0.0E+00,-4.82412E-03
+1.67200E-03,+0.0E+00,-3.21608E-03
+1.67300E-03,-80.40201E-03,-4.02010E-03
+1.67400E-03,-0.0E+00,-3.21608E-03
+1.67500E-03,-80.40201E-03,-3.21608E-03
+1.67600E-03,-80.40201E-03,-2.41206E-03
+1.67700E-03,-80.40201E-03,-3.21608E-03
+1.67800E-03,+0.0E+00,-1.60804E-03
+1.67900E-03,-0.0E+00,-1.60804E-03
+1.68000E-03,-0.0E+00,+0.0E+00
+1.68100E-03,-0.0E+00,-804.02E-06
+1.68200E-03,+0.0E+00,+1.60804E-03
+1.68300E-03,-80.40201E-03,+3.21608E-03
+1.68400E-03,-0.0E+00,+1.60804E-03
+1.68500E-03,-80.40201E-03,+2.41206E-03
+1.68600E-03,+0.0E+00,+4.02010E-03
+1.68700E-03,-80.40201E-03,+3.21608E-03
+1.68800E-03,-80.40201E-03,+1.60804E-03
+1.68900E-03,+0.0E+00,+1.60804E-03
+1.69000E-03,-0.0E+00,+3.21608E-03
+1.69100E-03,-80.40201E-03,+804.02E-06
+1.69200E-03,+0.0E+00,-1.60804E-03
+1.69300E-03,-80.40201E-03,-3.21608E-03
+1.69400E-03,+0.0E+00,-3.21608E-03
+1.69500E-03,+0.0E+00,-2.41206E-03
+1.69600E-03,+0.0E+00,-804.02E-06
+1.69700E-03,-80.40201E-03,-3.21608E-03
+1.69800E-03,+0.0E+00,-4.02010E-03
+1.69900E-03,-80.40201E-03,-2.41206E-03
+1.70000E-03,-80.40201E-03,-2.41206E-03
+1.70100E-03,-0.0E+00,-1.60804E-03
+1.70200E-03,-80.40201E-03,+804.02E-06
+1.70300E-03,-80.40201E-03,-804.02E-06
+1.70400E-03,-80.40201E-03,+1.60804E-03
+1.70500E-03,-80.40201E-03,+1.60804E-03
+1.70600E-03,-80.40201E-03,+1.60804E-03
+1.70700E-03,-80.40201E-03,+3.21608E-03
+1.70800E-03,-80.40201E-03,+1.60804E-03
+1.70900E-03,-80.40201E-03,+4.02010E-03
+1.71000E-03,-0.0E+00,+2.41206E-03
+1.71100E-03,-80.40201E-03,+5.62814E-03
+1.71200E-03,+0.0E+00,+1.60804E-03
+1.71300E-03,-80.40201E-03,+804.02E-06
+1.71400E-03,-80.40201E-03,+1.60804E-03
+1.71500E-03,-80.40201E-03,+1.60804E-03
+1.71600E-03,-80.40201E-03,-1.60804E-03
+1.71700E-03,+0.0E+00,-2.41206E-03
+1.71800E-03,-0.0E+00,-804.02E-06
+1.71900E-03,+0.0E+00,-1.60804E-03
+1.72000E-03,+0.0E+00,-2.41206E-03
+1.72100E-03,-0.0E+00,-1.60804E-03
+1.72200E-03,-0.0E+00,-1.60804E-03
+1.72300E-03,-0.0E+00,-4.82412E-03
+1.72400E-03,+0.0E+00,-3.21608E-03
+1.72500E-03,-0.0E+00,-1.60804E-03
+1.72600E-03,-80.40201E-03,-2.41206E-03
+1.72700E-03,-80.40201E-03,-2.41206E-03
+1.72800E-03,+0.0E+00,+0.0E+00
+1.72900E-03,-80.40201E-03,+1.60804E-03
+1.73000E-03,-80.40201E-03,+1.60804E-03
+1.73100E-03,-80.40201E-03,+4.02010E-03
+1.73200E-03,+0.0E+00,+2.41206E-03
+1.73300E-03,-80.40201E-03,+1.60804E-03
+1.73400E-03,+0.0E+00,+2.41206E-03
+1.73500E-03,+0.0E+00,+4.02010E-03
+1.73600E-03,+0.0E+00,+1.60804E-03
+1.73700E-03,-0.0E+00,+804.02E-06
+1.73800E-03,-80.40201E-03,+1.60804E-03
+1.73900E-03,-0.0E+00,+1.60804E-03
+1.74000E-03,-80.40201E-03,+0.0E+00
+1.74100E-03,-80.40201E-03,+804.02E-06
+1.74200E-03,+0.0E+00,-804.02E-06
+1.74300E-03,-0.0E+00,-3.21608E-03
+1.74400E-03,-80.40201E-03,-3.21608E-03
+1.74500E-03,-80.40201E-03,-4.02010E-03
+1.74600E-03,+0.0E+00,-2.41206E-03
+1.74700E-03,+0.0E+00,-3.21608E-03
+1.74800E-03,+0.0E+00,-2.41206E-03
+1.74900E-03,+0.0E+00,-1.60804E-03
+1.75000E-03,-0.0E+00,-804.02E-06
+1.75100E-03,+0.0E+00,-1.60804E-03
+1.75200E-03,-0.0E+00,-1.60804E-03
+1.75300E-03,-0.0E+00,-1.60804E-03
+1.75400E-03,+0.0E+00,+804.02E-06
+1.75500E-03,-80.40201E-03,+0.0E+00
+1.75600E-03,+0.0E+00,+2.41206E-03
+1.75700E-03,-80.40201E-03,+1.60804E-03
+1.75800E-03,+0.0E+00,+1.60804E-03
+1.75900E-03,+0.0E+00,+4.82412E-03
+1.76000E-03,-80.40201E-03,+1.60804E-03
+1.76100E-03,+0.0E+00,+3.21608E-03
+1.76200E-03,+0.0E+00,-804.02E-06
+1.76300E-03,-80.40201E-03,+1.60804E-03
+1.76400E-03,-80.40201E-03,+804.02E-06
+1.76500E-03,-80.40201E-03,-804.02E-06
+1.76600E-03,+0.0E+00,-4.82412E-03
+1.76700E-03,-0.0E+00,-1.60804E-03
+1.76800E-03,-80.40201E-03,-3.21608E-03
+1.76900E-03,+0.0E+00,-2.41206E-03
+1.77000E-03,+0.0E+00,-4.82412E-03
+1.77100E-03,+0.0E+00,-1.60804E-03
+1.77200E-03,-80.40201E-03,-4.02010E-03
+1.77300E-03,+0.0E+00,-804.02E-06
+1.77400E-03,-80.40201E-03,-804.02E-06
+1.77500E-03,+0.0E+00,-804.02E-06
+1.77600E-03,-80.40201E-03,-804.02E-06
+1.77700E-03,-0.0E+00,+1.60804E-03
+1.77800E-03,-80.40201E-03,+2.41206E-03
+1.77900E-03,-0.0E+00,+1.60804E-03
+1.78000E-03,+0.0E+00,+804.02E-06
+1.78100E-03,-0.0E+00,+804.02E-06
+1.78200E-03,-80.40201E-03,+2.41206E-03
+1.78300E-03,-80.40201E-03,+804.02E-06
+1.78400E-03,+0.0E+00,+1.60804E-03
+1.78500E-03,-0.0E+00,+1.60804E-03
+1.78600E-03,-0.0E+00,+2.41206E-03
+1.78700E-03,+0.0E+00,+804.02E-06
+1.78800E-03,-0.0E+00,+2.41206E-03
+1.78900E-03,+0.0E+00,-804.02E-06
+1.79000E-03,-0.0E+00,-804.02E-06
+1.79100E-03,+0.0E+00,-804.02E-06
+1.79200E-03,-80.40201E-03,-1.60804E-03
+1.79300E-03,+0.0E+00,-804.02E-06
+1.79400E-03,+0.0E+00,-1.60804E-03
+1.79500E-03,-80.40201E-03,-4.82412E-03
+1.79600E-03,-80.40201E-03,-1.60804E-03
+1.79700E-03,+0.0E+00,-4.02010E-03
+1.79800E-03,+0.0E+00,-0.0E+00
+1.79900E-03,-80.40201E-03,+804.02E-06
